[0/2] Re-checking globbed directories...
[1/1215] Building CXX object src/point-to-point/CMakeFiles/point-to-point.dir/model/point-to-point-channel.cc.o
[2/1215] Building CXX object src/point-to-point/CMakeFiles/point-to-point.dir/helper/point-to-point-helper.cc.o
[3/1215] Building CXX object src/point-to-point/CMakeFiles/point-to-point.dir/model/ppp-header.cc.o
[4/1215] Building CXX object src/aodv/examples/CMakeFiles/aodv-example.dir/aodv-example.cc.o
[5/1215] Building CXX object src/point-to-point/CMakeFiles/point-to-point.dir/model/point-to-point-net-device.cc.o
[6/1215] Building CXX object src/point-to-point/CMakeFiles/point-to-point-test.dir/test/point-to-point-test.cc.o
[7/1215] Building CXX object src/point-to-point/examples/CMakeFiles/main-attribute-value.dir/main-attribute-value.cc.o
[8/1215] Building CXX object src/core/CMakeFiles/core.dir/model/unix-fd-reader.cc.o
[9/1215] Building CXX object src/core/CMakeFiles/core.dir/helper/csv-reader.cc.o
[10/1215] Building CXX object src/core/CMakeFiles/core.dir/helper/random-variable-stream-helper.cc.o
[11/1215] Building CXX object src/core/CMakeFiles/core.dir/helper/event-garbage-collector.cc.o
[12/1215] Building CXX object src/core/CMakeFiles/core.dir/model/event-id.cc.o
[13/1215] Building CXX object src/core/CMakeFiles/core.dir/model/scheduler.cc.o
[14/1215] Building CXX object src/core/CMakeFiles/core.dir/model/time.cc.o
[15/1215] Building CXX object src/core/CMakeFiles/core.dir/model/list-scheduler.cc.o
[16/1215] Building CXX object src/core/CMakeFiles/core.dir/model/map-scheduler.cc.o
[17/1215] Building CXX object src/core/CMakeFiles/core.dir/model/heap-scheduler.cc.o
[18/1215] Building CXX object src/core/CMakeFiles/core.dir/model/event-impl.cc.o
[19/1215] Building CXX object src/core/CMakeFiles/core.dir/model/calendar-scheduler.cc.o
[20/1215] Building CXX object src/core/CMakeFiles/core.dir/model/priority-queue-scheduler.cc.o
[21/1215] Building CXX object src/core/CMakeFiles/core.dir/model/simulator-impl.cc.o
[22/1215] Building CXX object src/core/CMakeFiles/core.dir/model/simulator.cc.o
[23/1215] Building CXX object src/core/CMakeFiles/core.dir/model/default-simulator-impl.cc.o
[24/1215] Building CXX object src/core/CMakeFiles/core.dir/model/watchdog.cc.o
[25/1215] Building CXX object src/core/CMakeFiles/core.dir/model/timer.cc.o
[26/1215] Building CXX object src/core/CMakeFiles/core.dir/model/synchronizer.cc.o
[27/1215] Building CXX object src/core/CMakeFiles/core.dir/model/environment-variable.cc.o
[28/1215] Building CXX object src/core/CMakeFiles/core.dir/model/breakpoint.cc.o
[29/1215] Building CXX object src/core/CMakeFiles/core.dir/model/log.cc.o
[30/1215] Building CXX object src/core/CMakeFiles/core.dir/model/attribute-construction-list.cc.o
[31/1215] Building CXX object src/core/CMakeFiles/core.dir/model/object-base.cc.o
[32/1215] Building CXX object src/core/CMakeFiles/core.dir/model/object.cc.o
[33/1215] Building CXX object src/core/CMakeFiles/core.dir/model/type-id.cc.o
[34/1215] Building CXX object src/core/CMakeFiles/core.dir/model/rng-seed-manager.cc.o
[35/1215] Building CXX object src/core/CMakeFiles/core.dir/model/rng-stream.cc.o
[36/1215] Building CXX object src/core/CMakeFiles/core.dir/model/test.cc.o
[37/1215] Building CXX object src/core/CMakeFiles/core.dir/model/attribute.cc.o
[38/1215] Building CXX object src/core/CMakeFiles/core.dir/model/boolean.cc.o
[39/1215] Building CXX object src/core/CMakeFiles/core.dir/model/random-variable-stream.cc.o
[40/1215] Building CXX object src/core/CMakeFiles/core.dir/model/integer.cc.o
[41/1215] Building CXX object src/core/CMakeFiles/core.dir/model/uinteger.cc.o
[42/1215] Building CXX object src/core/CMakeFiles/core.dir/model/command-line.cc.o
[43/1215] Building CXX object src/core/CMakeFiles/core.dir/model/double.cc.o
[44/1215] Building CXX object src/core/CMakeFiles/core.dir/model/int64x64.cc.o
[45/1215] Building CXX object src/core/CMakeFiles/core.dir/model/string.cc.o
[46/1215] Building CXX object src/core/CMakeFiles/core.dir/model/pointer.cc.o
[47/1215] Building CXX object src/core/CMakeFiles/core.dir/model/object-ptr-container.cc.o
[48/1215] Building CXX object src/core/CMakeFiles/core.dir/model/object-factory.cc.o
[49/1215] Building CXX object src/core/CMakeFiles/core.dir/model/trace-source-accessor.cc.o
[50/1215] Building CXX object src/core/CMakeFiles/core.dir/model/global-value.cc.o
[51/1215] Building CXX object src/core/CMakeFiles/core.dir/model/callback.cc.o
[52/1215] Building CXX object src/core/CMakeFiles/core.dir/model/vector.cc.o
[53/1215] Building CXX object src/core/CMakeFiles/core.dir/model/names.cc.o
[54/1215] Building CXX object src/core/CMakeFiles/core.dir/model/config.cc.o
[55/1215] Building CXX object src/core/CMakeFiles/core.dir/model/fatal-impl.cc.o
[56/1215] Building CXX object src/core/CMakeFiles/core.dir/model/hash-function.cc.o
[57/1215] Building CXX object src/core/CMakeFiles/core.dir/model/hash-murmur3.cc.o
[58/1215] Building CXX object src/core/CMakeFiles/core.dir/model/hash-fnv.cc.o
[59/1215] Building CXX object src/core/CMakeFiles/core.dir/model/hash.cc.o
[60/1215] Building CXX object src/core/CMakeFiles/core.dir/model/des-metrics.cc.o
[61/1215] Building CXX object src/core/CMakeFiles/core.dir/model/ascii-file.cc.o
[62/1215] Building CXX object src/core/CMakeFiles/core.dir/model/node-printer.cc.o
[63/1215] Building CXX object src/core/CMakeFiles/core.dir/model/show-progress.cc.o
[64/1215] Building CXX object src/core/CMakeFiles/core.dir/model/time-printer.cc.o
[65/1215] Building CXX object src/core/CMakeFiles/core.dir/model/system-wall-clock-timestamp.cc.o
[66/1215] Building CXX object src/core/CMakeFiles/core.dir/model/system-path.cc.o
[67/1215] Building CXX object src/core/CMakeFiles/core.dir/model/system-wall-clock-ms.cc.o
[68/1215] Building CXX object src/core/CMakeFiles/core.dir/model/trickle-timer.cc.o
[69/1215] Building CXX object src/core/CMakeFiles/core.dir/model/length.cc.o
[70/1215] Building CXX object src/core/CMakeFiles/core.dir/model/realtime-simulator-impl.cc.o
[71/1215] Building CXX object src/core/CMakeFiles/core.dir/model/wall-clock-synchronizer.cc.o
[72/1215] Building CXX object src/core/CMakeFiles/core.dir/model/demangle.cc.o
[73/1215] Building CXX object src/core/CMakeFiles/core-test.dir/test/examples-as-tests-test-suite.cc.o
[74/1215] Building CXX object src/core/CMakeFiles/core.dir/model/matrix-array.cc.o
[75/1215] Building CXX object src/core/CMakeFiles/core.dir/model/example-as-test.cc.o
[76/1215] Linking CXX shared library /home/user/ns3build/ns-3.48/build/lib/libns3.48-core-default.so
[77/1215] Building CXX object src/core/CMakeFiles/core-test.dir/test/build-profile-test-suite.cc.o
[78/1215] Building CXX object src/core/CMakeFiles/core-test.dir/test/attribute-container-test-suite.cc.o
[79/1215] Building CXX object src/core/CMakeFiles/core-test.dir/test/command-line-test-suite.cc.o
[80/1215] Building CXX object src/core/CMakeFiles/core-test.dir/test/attribute-test-suite.cc.o
[81/1215] Building CXX object src/core/CMakeFiles/core-test.dir/test/environment-variable-test-suite.cc.o
[82/1215] Building CXX object src/core/CMakeFiles/core-test.dir/test/config-test-suite.cc.o
[83/1215] Building CXX object src/core/CMakeFiles/core-test.dir/test/event-garbage-collector-test-suite.cc.o
[84/1215] Building CXX object src/core/CMakeFiles/core-test.dir/test/global-value-test-suite.cc.o
[85/1215] Building CXX object src/core/CMakeFiles/core-test.dir/test/hash-test-suite.cc.o
[86/1215] Building CXX object src/core/CMakeFiles/core-test.dir/test/int64x64-test-suite.cc.o
[87/1215] Building CXX object src/core/CMakeFiles/core-test.dir/test/many-uniform-random-variables-one-get-value-call-test-suite.cc.o
[88/1215] Building CXX object src/core/CMakeFiles/core-test.dir/test/callback-test-suite.cc.o
[89/1215] Building CXX object src/core/CMakeFiles/core-test.dir/test/length-test-suite.cc.o
[90/1215] Building CXX object src/core/CMakeFiles/core-test.dir/test/one-uniform-random-variable-many-get-value-calls-test-suite.cc.o
[91/1215] Building CXX object src/core/CMakeFiles/core-test.dir/test/names-test-suite.cc.o
[92/1215] Building CXX object src/core/CMakeFiles/core-test.dir/test/object-test-suite.cc.o
[93/1215] Building CXX object src/core/CMakeFiles/core-test.dir/test/sample-test-suite.cc.o
[94/1215] Building CXX object src/core/CMakeFiles/core-test.dir/test/ptr-test-suite.cc.o
[95/1215] Building CXX object src/core/CMakeFiles/core-test.dir/test/pair-value-test-suite.cc.o
[96/1215] Building CXX object src/core/CMakeFiles/core-test.dir/test/splitstring-test-suite.cc.o
[97/1215] Building CXX object src/core/CMakeFiles/core-test.dir/test/threaded-test-suite.cc.o
[98/1215] Building CXX object src/core/CMakeFiles/core-test.dir/test/time-test-suite.cc.o
[99/1215] Building CXX object src/core/CMakeFiles/core-test.dir/test/simulator-test-suite.cc.o
[100/1215] Building CXX object src/core/CMakeFiles/core-test.dir/test/timer-test-suite.cc.o
[101/1215] Building CXX object src/core/CMakeFiles/core-test.dir/test/traced-callback-test-suite.cc.o
[102/1215] Building CXX object src/core/CMakeFiles/core-test.dir/test/trickle-timer-test-suite.cc.o
[103/1215] Building CXX object src/core/CMakeFiles/core-test.dir/test/type-traits-test-suite.cc.o
[104/1215] Building CXX object src/core/CMakeFiles/core-test.dir/test/type-id-test-suite.cc.o
[105/1215] Building CXX object src/core/CMakeFiles/core-test.dir/test/watchdog-test-suite.cc.o
[106/1215] Building CXX object src/core/CMakeFiles/core-test.dir/test/tuple-value-test-suite.cc.o
[107/1215] Building CXX object src/core/CMakeFiles/fatal-command-line-duplicate-non-option-example.dir/test/fatal-command-line-duplicate-non-option-example.cc.o
[108/1215] Linking CXX executable /home/user/ns3build/ns-3.48/build/src/core/test/ns3.48-fatal-command-line-duplicate-non-option-example-default
[109/1215] Building CXX object src/core/CMakeFiles/fatal-command-line-duplicate-option-example.dir/test/fatal-command-line-duplicate-option-example.cc.o
[110/1215] Linking CXX executable /home/user/ns3build/ns-3.48/build/src/core/test/ns3.48-fatal-command-line-duplicate-option-example-default
[111/1215] Building CXX object src/core/CMakeFiles/core-test.dir/test/val-array-test-suite.cc.o
[112/1215] Building CXX object src/core/examples/CMakeFiles/assert-example.dir/assert-example.cc.o
[113/1215] Linking CXX executable /home/user/ns3build/ns-3.48/build/src/core/examples/ns3.48-assert-example-default
[114/1215] Building CXX object src/core/examples/CMakeFiles/fatal-example.dir/fatal-example.cc.o
[115/1215] Linking CXX executable /home/user/ns3build/ns-3.48/build/src/core/examples/ns3.48-fatal-example-default
[116/1215] Building CXX object src/core/examples/CMakeFiles/command-line-example.dir/command-line-example.cc.o
[117/1215] Linking CXX executable /home/user/ns3build/ns-3.48/build/src/core/examples/ns3.48-command-line-example-default
[118/1215] Building CXX object src/core/examples/CMakeFiles/length-example.dir/length-example.cc.o
[119/1215] Linking CXX executable /home/user/ns3build/ns-3.48/build/src/core/examples/ns3.48-length-example-default
[120/1215] Building CXX object src/core/examples/CMakeFiles/hash-example.dir/hash-example.cc.o
[121/1215] Linking CXX executable /home/user/ns3build/ns-3.48/build/src/core/examples/ns3.48-hash-example-default
[122/1215] Building CXX object src/core/CMakeFiles/core-test.dir/test/matrix-array-test-suite.cc.o
[123/1215] Building CXX object src/core/examples/CMakeFiles/main-callback.dir/main-callback.cc.o
[124/1215] Linking CXX shared library /home/user/ns3build/ns-3.48/build/lib/libns3.48-core-test-default.so
[125/1215] Linking CXX executable /home/user/ns3build/ns-3.48/build/src/core/examples/ns3.48-main-callback-default
[126/1215] Building CXX object src/core/examples/CMakeFiles/main-ptr.dir/main-ptr.cc.o
[127/1215] Linking CXX executable /home/user/ns3build/ns-3.48/build/src/core/examples/ns3.48-main-ptr-default
[128/1215] Building CXX object src/core/examples/CMakeFiles/sample-random-variable.dir/sample-random-variable.cc.o
[129/1215] Linking CXX executable /home/user/ns3build/ns-3.48/build/src/core/examples/ns3.48-sample-random-variable-default
[130/1215] Building CXX object src/core/examples/CMakeFiles/sample-log-time-format.dir/sample-log-time-format.cc.o
[131/1215] Linking CXX executable /home/user/ns3build/ns-3.48/build/src/core/examples/ns3.48-sample-log-time-format-default
[132/1215] Building CXX object src/core/examples/CMakeFiles/sample-random-variable-stream.dir/sample-random-variable-stream.cc.o
[133/1215] Linking CXX executable /home/user/ns3build/ns-3.48/build/src/core/examples/ns3.48-sample-random-variable-stream-default
[134/1215] Building CXX object src/core/examples/CMakeFiles/sample-simulator.dir/sample-simulator.cc.o
[135/1215] Building CXX object src/core/examples/CMakeFiles/system-path-examples.dir/system-path-examples.cc.o
[136/1215] Linking CXX executable /home/user/ns3build/ns-3.48/build/src/core/examples/ns3.48-sample-simulator-default
[137/1215] Linking CXX executable /home/user/ns3build/ns-3.48/build/src/core/examples/ns3.48-system-path-examples-default
[138/1215] Building CXX object src/core/examples/CMakeFiles/sample-show-progress.dir/sample-show-progress.cc.o
[139/1215] Linking CXX executable /home/user/ns3build/ns-3.48/build/src/core/examples/ns3.48-sample-show-progress-default
[140/1215] Building CXX object src/core/examples/CMakeFiles/main-test-sync.dir/main-test-sync.cc.o
[141/1215] Building CXX object src/core/examples/CMakeFiles/test-string-value-formatting.dir/test-string-value-formatting.cc.o
[142/1215] Linking CXX executable /home/user/ns3build/ns-3.48/build/src/core/examples/ns3.48-test-string-value-formatting-default
[143/1215] Building CXX object src/core/examples/CMakeFiles/empirical-random-variable-example.dir/empirical-random-variable-example.cc.o
[144/1215] Building CXX object src/network/CMakeFiles/network.dir/helper/application-container.cc.o
[145/1215] Building CXX object src/network/CMakeFiles/network.dir/helper/application-helper.cc.o
[146/1215] Building CXX object src/network/CMakeFiles/network.dir/helper/delay-jitter-estimation.cc.o
[147/1215] Building CXX object src/core/examples/CMakeFiles/log-example.dir/log-example.cc.o
[148/1215] Building CXX object src/network/CMakeFiles/network.dir/helper/net-device-container.cc.o
[149/1215] Building CXX object src/network/CMakeFiles/network.dir/helper/node-container.cc.o
[150/1215] Building CXX object src/network/CMakeFiles/network.dir/helper/packet-socket-helper.cc.o
[151/1215] Building CXX object src/network/CMakeFiles/network.dir/model/address.cc.o
[152/1215] Building CXX object src/network/CMakeFiles/network.dir/helper/simple-net-device-helper.cc.o
[153/1215] Building CXX object src/network/CMakeFiles/network.dir/helper/trace-helper.cc.o
[154/1215] Building CXX object src/network/CMakeFiles/network.dir/model/application.cc.o
[155/1215] Building CXX object src/network/CMakeFiles/network.dir/model/byte-tag-list.cc.o
[156/1215] Building CXX object src/network/CMakeFiles/network.dir/model/buffer.cc.o
[157/1215] Building CXX object src/network/CMakeFiles/network.dir/model/channel-list.cc.o
[158/1215] Building CXX object src/network/CMakeFiles/network.dir/model/chunk.cc.o
[159/1215] Building CXX object src/network/CMakeFiles/network.dir/model/channel.cc.o
[160/1215] Building CXX object src/network/CMakeFiles/network.dir/model/header.cc.o
[161/1215] Building CXX object src/network/CMakeFiles/network.dir/model/net-device.cc.o
[162/1215] Building CXX object src/network/CMakeFiles/network.dir/model/nix-vector.cc.o
[163/1215] Building CXX object src/network/CMakeFiles/network.dir/model/node-list.cc.o
[164/1215] Building CXX object src/network/CMakeFiles/network.dir/model/packet-metadata.cc.o
[165/1215] Building CXX object src/network/CMakeFiles/network.dir/model/packet-tag-list.cc.o
[166/1215] Building CXX object src/network/CMakeFiles/network.dir/model/node.cc.o
[167/1215] Building CXX object src/network/CMakeFiles/network.dir/model/socket-factory.cc.o
[168/1215] Building CXX object src/network/CMakeFiles/network.dir/model/tag-buffer.cc.o
[169/1215] Building CXX object src/network/CMakeFiles/network.dir/model/packet.cc.o
[170/1215] Building CXX object src/network/CMakeFiles/network.dir/model/socket.cc.o
[171/1215] Building CXX object src/network/CMakeFiles/network.dir/model/tag.cc.o
[172/1215] Building CXX object src/network/CMakeFiles/network.dir/model/trailer.cc.o
[173/1215] Building CXX object src/network/CMakeFiles/network.dir/utils/address-utils.cc.o
[174/1215] Building CXX object src/network/CMakeFiles/network.dir/utils/crc32.cc.o
[175/1215] Building CXX object src/network/CMakeFiles/network.dir/utils/bit-deserializer.cc.o
[176/1215] Building CXX object src/network/CMakeFiles/network.dir/utils/bit-serializer.cc.o
[177/1215] Building CXX object src/network/CMakeFiles/network.dir/utils/data-rate.cc.o
[178/1215] Building CXX object src/network/CMakeFiles/network.dir/utils/drop-tail-queue.cc.o
[179/1215] Building CXX object src/network/CMakeFiles/network.dir/utils/dynamic-queue-limits.cc.o
[180/1215] Building CXX object src/network/CMakeFiles/network.dir/utils/error-channel.cc.o
[181/1215] Building CXX object src/network/CMakeFiles/network.dir/utils/ethernet-header.cc.o
[182/1215] Building CXX object src/network/CMakeFiles/network.dir/utils/ethernet-trailer.cc.o
[183/1215] Building CXX object src/network/CMakeFiles/network.dir/utils/error-model.cc.o
[184/1215] Building CXX object src/network/CMakeFiles/network.dir/utils/flow-id-tag.cc.o
[185/1215] Building CXX object src/network/CMakeFiles/network.dir/utils/inet-socket-address.cc.o
[186/1215] Building CXX object src/network/CMakeFiles/network.dir/utils/inet6-socket-address.cc.o
[187/1215] Building CXX object src/network/CMakeFiles/network.dir/utils/ipv4-address.cc.o
[188/1215] Building CXX object src/network/CMakeFiles/network.dir/utils/llc-snap-header.cc.o
[189/1215] Building CXX object src/network/CMakeFiles/network.dir/utils/ipv6-address.cc.o
[190/1215] Building CXX object src/network/CMakeFiles/network.dir/utils/mac16-address.cc.o
[191/1215] Building CXX object src/network/CMakeFiles/network.dir/utils/mac48-address.cc.o
[192/1215] Building CXX object src/network/CMakeFiles/network.dir/utils/mac64-address.cc.o
[193/1215] Building CXX object src/network/CMakeFiles/network.dir/utils/mac8-address.cc.o
[194/1215] Building CXX object src/network/CMakeFiles/network.dir/utils/output-stream-wrapper.cc.o
[195/1215] Building CXX object src/network/CMakeFiles/network.dir/utils/net-device-queue-interface.cc.o
[196/1215] Building CXX object src/network/CMakeFiles/network.dir/utils/packet-burst.cc.o
[197/1215] Building CXX object src/network/CMakeFiles/network.dir/utils/packet-data-calculators.cc.o
[198/1215] Building CXX object src/network/CMakeFiles/network.dir/utils/packet-socket-address.cc.o
[199/1215] Building CXX object src/network/CMakeFiles/network.dir/utils/packet-probe.cc.o
[200/1215] Building CXX object src/network/CMakeFiles/network.dir/utils/packet-socket-factory.cc.o
[201/1215] Building CXX object src/network/CMakeFiles/network.dir/utils/packet-socket-client.cc.o
[202/1215] Building CXX object src/network/CMakeFiles/network.dir/utils/packet-socket-server.cc.o
[203/1215] Building CXX object src/network/CMakeFiles/network.dir/utils/packet-socket.cc.o
[204/1215] Building CXX object src/network/CMakeFiles/network.dir/utils/pcap-file-wrapper.cc.o
[205/1215] Building CXX object src/network/CMakeFiles/network.dir/utils/queue-item.cc.o
[206/1215] Building CXX object src/network/CMakeFiles/network.dir/utils/pcap-file.cc.o
[207/1215] Building CXX object src/network/CMakeFiles/network.dir/utils/queue-limits.cc.o
[208/1215] Building CXX object src/network/CMakeFiles/network.dir/utils/queue-size.cc.o
[209/1215] Building CXX object src/network/CMakeFiles/network.dir/utils/packetbb.cc.o
[210/1215] Building CXX object src/network/CMakeFiles/network.dir/utils/simple-channel.cc.o
[211/1215] Building CXX object src/network/CMakeFiles/network.dir/utils/radiotap-header.cc.o
[212/1215] Building CXX object src/network/CMakeFiles/network.dir/utils/sll-header.cc.o
[213/1215] Building CXX object src/network/CMakeFiles/network.dir/utils/queue.cc.o
[214/1215] Building CXX object src/network/CMakeFiles/network.dir/utils/timestamp-tag.cc.o
[215/1215] Building CXX object src/network/CMakeFiles/network-test.dir/test/address-test.cc.o
[216/1215] Building CXX object src/network/CMakeFiles/network-test.dir/test/bit-serializer-test.cc.o
[217/1215] Building CXX object src/network/CMakeFiles/network.dir/utils/simple-net-device.cc.o
[218/1215] Building CXX object src/network/CMakeFiles/network-test.dir/test/buffer-test.cc.o
[219/1215] Building CXX object src/network/CMakeFiles/network-test.dir/test/drop-tail-queue-test-suite.cc.o
[220/1215] Building CXX object src/network/CMakeFiles/network-test.dir/test/ipv6-address-test-suite.cc.o
[221/1215] Building CXX object src/network/CMakeFiles/network-test.dir/test/error-model-test-suite.cc.o
[222/1215] Building CXX object src/network/CMakeFiles/network-test.dir/test/lollipop-counter-test.cc.o
[223/1215] Building CXX object src/network/CMakeFiles/network-test.dir/test/packet-socket-apps-test-suite.cc.o
[224/1215] Building CXX object src/network/CMakeFiles/network-test.dir/test/packet-metadata-test.cc.o
[225/1215] Building CXX object src/network/CMakeFiles/network-test.dir/test/packet-test-suite.cc.o
[226/1215] Building CXX object src/network/CMakeFiles/network-test.dir/test/packetbb-test-suite.cc.o
[227/1215] Building CXX object src/network/CMakeFiles/network-test.dir/test/sequence-number-test-suite.cc.o
[228/1215] Building CXX object src/network/CMakeFiles/network-test.dir/test/pcap-file-test-suite.cc.o
[229/1215] Building CXX object src/network/CMakeFiles/network-test.dir/test/test-data-rate.cc.o
[230/1215] Building CXX object src/network/examples/CMakeFiles/bit-serializer.dir/bit-serializer.cc.o
[231/1215] Building CXX object src/network/examples/CMakeFiles/lollipop-comparisons.dir/lollipop-comparisons.cc.o
[232/1215] Building CXX object src/network/examples/CMakeFiles/main-packet-header.dir/main-packet-header.cc.o
[233/1215] Building CXX object src/network/examples/CMakeFiles/main-packet-tag.dir/main-packet-tag.cc.o
[234/1215] Building CXX object src/network/examples/CMakeFiles/sequence-number-example.dir/sequence-number-example.cc.o
[235/1215] Building CXX object src/stats/CMakeFiles/stats.dir/model/sqlite-output.cc.o
[236/1215] Building CXX object src/stats/CMakeFiles/stats.dir/model/sqlite-data-output.cc.o
[237/1215] Building CXX object src/network/examples/CMakeFiles/packet-socket-apps.dir/packet-socket-apps.cc.o
[238/1215] Building CXX object src/stats/CMakeFiles/stats.dir/model/boolean-probe.cc.o
[239/1215] Building CXX object src/stats/CMakeFiles/stats.dir/helper/gnuplot-helper.cc.o
[240/1215] Building CXX object src/stats/CMakeFiles/stats.dir/helper/file-helper.cc.o
[241/1215] Building CXX object src/stats/CMakeFiles/stats.dir/model/basic-data-calculators.cc.o
[242/1215] Building CXX object src/stats/CMakeFiles/stats.dir/model/data-calculator.cc.o
[243/1215] Building CXX object src/stats/CMakeFiles/stats.dir/model/data-collection-object.cc.o
[244/1215] Building CXX object src/stats/CMakeFiles/stats.dir/model/data-collector.cc.o
[245/1215] Building CXX object src/stats/CMakeFiles/stats.dir/model/data-output-interface.cc.o
[246/1215] Building CXX object src/stats/CMakeFiles/stats.dir/model/get-wildcard-matches.cc.o
[247/1215] Building CXX object src/stats/CMakeFiles/stats.dir/model/file-aggregator.cc.o
[248/1215] Building CXX object src/stats/CMakeFiles/stats.dir/model/double-probe.cc.o
[249/1215] Building CXX object src/stats/CMakeFiles/stats.dir/model/gnuplot.cc.o
[250/1215] Building CXX object src/stats/CMakeFiles/stats.dir/model/histogram.cc.o
[251/1215] Building CXX object src/stats/CMakeFiles/stats.dir/model/gnuplot-aggregator.cc.o
[252/1215] Building CXX object src/stats/CMakeFiles/stats.dir/model/probe.cc.o
[253/1215] Building CXX object src/stats/CMakeFiles/stats.dir/model/omnet-data-output.cc.o
[254/1215] Building CXX object src/stats/CMakeFiles/stats.dir/model/time-data-calculators.cc.o
[255/1215] Building CXX object src/stats/CMakeFiles/stats.dir/model/time-series-adaptor.cc.o
[256/1215] Building CXX object src/stats/CMakeFiles/stats.dir/model/time-probe.cc.o
[257/1215] Building CXX object src/stats/CMakeFiles/stats.dir/model/uinteger-16-probe.cc.o
[258/1215] Building CXX object src/stats/CMakeFiles/stats-test.dir/test/average-test-suite.cc.o
[259/1215] Building CXX object src/stats/CMakeFiles/stats.dir/model/uinteger-32-probe.cc.o
[260/1215] Building CXX object src/stats/CMakeFiles/stats.dir/model/uinteger-8-probe.cc.o
[261/1215] Linking CXX shared library /home/user/ns3build/ns-3.48/build/lib/libns3.48-stats-default.so
[262/1215] Linking CXX executable /home/user/ns3build/ns-3.48/build/src/core/examples/ns3.48-empirical-random-variable-example-default
[263/1215] Linking CXX shared library /home/user/ns3build/ns-3.48/build/lib/libns3.48-network-default.so
[264/1215] Linking CXX shared library /home/user/ns3build/ns-3.48/build/lib/libns3.48-mtcaodv-default.so
[265/1215] Linking CXX shared library /home/user/ns3build/ns-3.48/build/lib/libns3.48-mtcaodv-test-default.so
[266/1215] Linking CXX executable /home/user/ns3build/ns-3.48/build/contrib/mtcaodv/examples/ns3.48-mtcaodv-gate1-default
[267/1215] Linking CXX shared library /home/user/ns3build/ns-3.48/build/lib/libns3.48-point-to-point-default.so
[268/1215] Linking CXX shared library /home/user/ns3build/ns-3.48/build/lib/libns3.48-point-to-point-test-default.so
[269/1215] Linking CXX executable /home/user/ns3build/ns-3.48/build/src/point-to-point/examples/ns3.48-main-attribute-value-default
[270/1215] Linking CXX executable /home/user/ns3build/ns-3.48/build/src/core/examples/ns3.48-main-test-sync-default
[271/1215] Linking CXX executable /home/user/ns3build/ns-3.48/build/src/core/examples/ns3.48-log-example-default
[272/1215] Linking CXX shared library /home/user/ns3build/ns-3.48/build/lib/libns3.48-network-test-default.so
[273/1215] Linking CXX executable /home/user/ns3build/ns-3.48/build/src/network/examples/ns3.48-bit-serializer-default
[274/1215] Linking CXX executable /home/user/ns3build/ns-3.48/build/src/network/examples/ns3.48-lollipop-comparisons-default
[275/1215] Linking CXX executable /home/user/ns3build/ns-3.48/build/src/network/examples/ns3.48-main-packet-header-default
[276/1215] Linking CXX executable /home/user/ns3build/ns-3.48/build/src/network/examples/ns3.48-main-packet-tag-default
[277/1215] Linking CXX executable /home/user/ns3build/ns-3.48/build/src/network/examples/ns3.48-packet-socket-apps-default
[278/1215] Linking CXX executable /home/user/ns3build/ns-3.48/build/src/network/examples/ns3.48-sequence-number-example-default
[279/1215] Building CXX object src/stats/CMakeFiles/stats-test.dir/test/basic-data-calculators-test-suite.cc.o
[280/1215] Building CXX object src/stats/CMakeFiles/stats-test.dir/test/histogram-test-suite.cc.o
[281/1215] Building CXX object src/stats/examples/CMakeFiles/gnuplot-example.dir/gnuplot-example.cc.o
[282/1215] Linking CXX executable /home/user/ns3build/ns-3.48/build/src/stats/examples/ns3.48-gnuplot-example-default
[283/1215] Building CXX object src/stats/CMakeFiles/stats-test.dir/test/double-probe-test-suite.cc.o
[284/1215] Linking CXX shared library /home/user/ns3build/ns-3.48/build/lib/libns3.48-stats-test-default.so
[285/1215] Building CXX object src/stats/examples/CMakeFiles/gnuplot-aggregator-example.dir/gnuplot-aggregator-example.cc.o
[286/1215] Linking CXX executable /home/user/ns3build/ns-3.48/build/src/stats/examples/ns3.48-gnuplot-aggregator-example-default
[287/1215] Building CXX object src/stats/examples/CMakeFiles/time-probe-example.dir/time-probe-example.cc.o
[288/1215] Linking CXX executable /home/user/ns3build/ns-3.48/build/src/stats/examples/ns3.48-time-probe-example-default
[289/1215] Building CXX object src/stats/examples/CMakeFiles/double-probe-example.dir/double-probe-example.cc.o
[290/1215] Linking CXX executable /home/user/ns3build/ns-3.48/build/src/stats/examples/ns3.48-double-probe-example-default
[291/1215] Building CXX object src/stats/examples/CMakeFiles/file-aggregator-example.dir/file-aggregator-example.cc.o
[292/1215] Linking CXX executable /home/user/ns3build/ns-3.48/build/src/stats/examples/ns3.48-file-aggregator-example-default
[293/1215] Building CXX object src/stats/examples/CMakeFiles/gnuplot-helper-example.dir/gnuplot-helper-example.cc.o
[294/1215] Linking CXX executable /home/user/ns3build/ns-3.48/build/src/stats/examples/ns3.48-gnuplot-helper-example-default
[295/1215] Building CXX object src/applications/CMakeFiles/applications.dir/helper/bulk-send-helper.cc.o
[296/1215] Building CXX object src/stats/examples/CMakeFiles/file-helper-example.dir/file-helper-example.cc.o
[297/1215] Linking CXX executable /home/user/ns3build/ns-3.48/build/src/stats/examples/ns3.48-file-helper-example-default
[298/1215] Building CXX object src/applications/CMakeFiles/applications.dir/helper/on-off-helper.cc.o
[299/1215] Building CXX object src/applications/CMakeFiles/applications.dir/helper/packet-sink-helper.cc.o
[300/1215] Building CXX object src/applications/CMakeFiles/applications.dir/helper/three-gpp-http-helper.cc.o
[301/1215] Building CXX object src/applications/CMakeFiles/applications.dir/helper/udp-client-server-helper.cc.o
[302/1215] Building CXX object src/applications/CMakeFiles/applications.dir/helper/udp-echo-helper.cc.o
[303/1215] Building CXX object src/applications/CMakeFiles/applications.dir/model/application-packet-probe.cc.o
[304/1215] Building CXX object src/applications/CMakeFiles/applications.dir/model/bulk-send-application.cc.o
[305/1215] Building CXX object src/applications/CMakeFiles/applications.dir/model/packet-loss-counter.cc.o
[306/1215] Building CXX object src/applications/CMakeFiles/applications.dir/model/onoff-application.cc.o
[307/1215] Building CXX object src/applications/CMakeFiles/applications.dir/model/seq-ts-echo-header.cc.o
[308/1215] Building CXX object src/applications/CMakeFiles/applications.dir/model/seq-ts-header.cc.o
[309/1215] Building CXX object src/applications/CMakeFiles/applications.dir/model/rta-tig-mobile-gaming.cc.o
[310/1215] Building CXX object src/applications/CMakeFiles/applications.dir/model/packet-sink.cc.o
[311/1215] Building CXX object src/applications/CMakeFiles/applications.dir/model/seq-ts-size-header.cc.o
[312/1215] Building CXX object src/applications/CMakeFiles/applications.dir/model/sink-application.cc.o
[313/1215] Building CXX object src/applications/CMakeFiles/applications.dir/model/source-application.cc.o
[314/1215] Building CXX object src/applications/CMakeFiles/applications.dir/model/tgax-video-traffic.cc.o
[315/1215] Building CXX object src/applications/CMakeFiles/applications.dir/model/tgax-virtual-desktop.cc.o
[316/1215] Building CXX object src/applications/CMakeFiles/applications.dir/model/tgax-voip-traffic.cc.o
[317/1215] Building CXX object src/applications/CMakeFiles/applications.dir/model/three-gpp-http-header.cc.o
[318/1215] Building CXX object src/applications/CMakeFiles/applications.dir/model/three-gpp-http-variables.cc.o
[319/1215] Building CXX object src/applications/CMakeFiles/applications.dir/model/three-gpp-http-client.cc.o
[320/1215] Building CXX object src/applications/CMakeFiles/applications.dir/model/udp-client.cc.o
[321/1215] Building CXX object src/applications/CMakeFiles/applications.dir/model/three-gpp-http-server.cc.o
[322/1215] Building CXX object src/applications/CMakeFiles/applications.dir/model/udp-echo-client.cc.o
[323/1215] Building CXX object src/applications/CMakeFiles/applications.dir/model/udp-echo-server.cc.o
[324/1215] Building CXX object src/applications/CMakeFiles/applications.dir/model/udp-server.cc.o
[325/1215] Building CXX object src/applications/CMakeFiles/applications.dir/model/udp-trace-client.cc.o
[326/1215] Building CXX object src/applications/CMakeFiles/applications-test.dir/test/udp-client-server-test.cc.o
[327/1215] Building CXX object src/applications/CMakeFiles/applications-test.dir/test/bulk-send-application-test-suite.cc.o
[328/1215] Building CXX object src/applications/CMakeFiles/applications-test.dir/test/three-gpp-http-client-server-test.cc.o
[329/1215] Building CXX object src/applications/CMakeFiles/applications-test.dir/test/tgax-video-traffic-test-suite.cc.o
[330/1215] Building CXX object src/applications/CMakeFiles/applications-test.dir/test/tgax-voip-traffic-test-suite.cc.o
[331/1215] Building CXX object src/applications/CMakeFiles/applications-test.dir/test/tgax-virtual-desktop-test-suite.cc.o
[332/1215] Building CXX object src/applications/CMakeFiles/applications-test.dir/test/rta-tig-mobile-gaming-test-suite.cc.o
[333/1215] Building CXX object src/applications/examples/CMakeFiles/three-gpp-http-example.dir/three-gpp-http-example.cc.o
[334/1215] Building CXX object src/applications/examples/CMakeFiles/tgax-video-example.dir/tgax-video-example.cc.o
[335/1215] Building CXX object src/applications/examples/CMakeFiles/tgax-voip-example.dir/tgax-voip-example.cc.o
[336/1215] Building CXX object src/applications/examples/CMakeFiles/tgax-virtual-desktop-example.dir/tgax-virtual-desktop-example.cc.o
[337/1215] Building CXX object src/internet/CMakeFiles/internet.dir/helper/internet-trace-helper.cc.o
[338/1215] Building CXX object src/internet/CMakeFiles/internet.dir/helper/ipv4-address-helper.cc.o
[339/1215] Building CXX object src/applications/examples/CMakeFiles/rta-tig-mobile-gaming-example.dir/rta-tig-mobile-gaming-example.cc.o
[340/1215] Building CXX object src/internet/CMakeFiles/internet.dir/helper/ipv4-global-routing-helper.cc.o
[341/1215] Building CXX object src/internet/CMakeFiles/internet.dir/helper/internet-stack-helper.cc.o
[342/1215] Building CXX object src/internet/CMakeFiles/internet.dir/helper/ipv4-interface-container.cc.o
[343/1215] Building CXX object src/internet/CMakeFiles/internet.dir/helper/ipv6-global-routing-helper.cc.o
[344/1215] Building CXX object src/internet/CMakeFiles/internet.dir/helper/ipv4-list-routing-helper.cc.o
[345/1215] Building CXX object src/internet/CMakeFiles/internet.dir/helper/ipv4-routing-helper.cc.o
[346/1215] Building CXX object src/internet/CMakeFiles/internet.dir/helper/ipv4-static-routing-helper.cc.o
[347/1215] Building CXX object src/internet/CMakeFiles/internet.dir/helper/ipv6-address-helper.cc.o
[348/1215] Building CXX object src/internet/CMakeFiles/internet.dir/helper/ipv6-list-routing-helper.cc.o
[349/1215] Building CXX object src/internet/CMakeFiles/internet.dir/helper/ipv6-interface-container.cc.o
[350/1215] Building CXX object src/internet/CMakeFiles/internet.dir/helper/ipv6-routing-helper.cc.o
[351/1215] Building CXX object src/internet/CMakeFiles/internet.dir/helper/ipv6-static-routing-helper.cc.o
[352/1215] Building CXX object src/internet/CMakeFiles/internet.dir/helper/neighbor-cache-helper.cc.o
[353/1215] Building CXX object src/internet/CMakeFiles/internet.dir/helper/rip-helper.cc.o
[354/1215] Building CXX object src/internet/CMakeFiles/internet.dir/helper/ripng-helper.cc.o
[355/1215] Building CXX object src/internet/CMakeFiles/internet.dir/model/arp-header.cc.o
[356/1215] Building CXX object src/internet/CMakeFiles/internet.dir/model/arp-queue-disc-item.cc.o
[357/1215] Building CXX object src/internet/CMakeFiles/internet.dir/model/arp-cache.cc.o
[358/1215] Building CXX object src/internet/CMakeFiles/internet.dir/model/arp-l3-protocol.cc.o
[359/1215] Building CXX object src/internet/CMakeFiles/internet.dir/model/candidate-queue.cc.o
[360/1215] Building CXX object src/internet/CMakeFiles/internet.dir/model/global-route-manager.cc.o
[361/1215] Building CXX object src/internet/CMakeFiles/internet.dir/model/icmpv4-l4-protocol.cc.o
[362/1215] Building CXX object src/internet/CMakeFiles/internet.dir/model/icmpv4.cc.o
[363/1215] Building CXX object src/internet/CMakeFiles/internet.dir/model/global-route-manager-impl.cc.o
[364/1215] Building CXX object src/internet/CMakeFiles/internet.dir/model/global-router-interface.cc.o
[365/1215] Building CXX object src/internet/CMakeFiles/internet.dir/model/ip-l4-protocol.cc.o
[366/1215] Building CXX object src/internet/CMakeFiles/internet.dir/model/icmpv6-header.cc.o
[367/1215] Building CXX object src/internet/CMakeFiles/internet.dir/model/ipv4-address-generator.cc.o
[368/1215] Building CXX object src/internet/CMakeFiles/internet.dir/model/ipv4-end-point.cc.o
[369/1215] Building CXX object src/internet/CMakeFiles/internet.dir/model/ipv4-end-point-demux.cc.o
[370/1215] Building CXX object src/internet/CMakeFiles/internet.dir/model/icmpv6-l4-protocol.cc.o
[371/1215] Building CXX object src/internet/CMakeFiles/internet.dir/model/ipv4-interface-address.cc.o
[372/1215] Building CXX object src/internet/CMakeFiles/internet.dir/model/ipv4-header.cc.o
[373/1215] Building CXX object src/internet/CMakeFiles/internet.dir/model/global-routing.cc.o
[374/1215] Building CXX object src/internet/CMakeFiles/internet.dir/model/ipv4-interface.cc.o
[375/1215] Building CXX object src/internet/CMakeFiles/internet.dir/model/ipv4-packet-filter.cc.o
[376/1215] Building CXX object src/internet/CMakeFiles/internet.dir/model/ipv4-list-routing.cc.o
[377/1215] Building CXX object src/internet/CMakeFiles/internet.dir/model/ipv4-packet-info-tag.cc.o
[378/1215] Building CXX object src/internet/CMakeFiles/internet.dir/model/ipv4-queue-disc-item.cc.o
[379/1215] Building CXX object src/internet/CMakeFiles/internet.dir/model/ipv4-packet-probe.cc.o
[380/1215] Building CXX object src/internet/CMakeFiles/internet.dir/model/ipv4-raw-socket-factory.cc.o
[381/1215] Building CXX object src/internet/CMakeFiles/internet.dir/model/ipv4-raw-socket-factory-impl.cc.o
[382/1215] Building CXX object src/internet/CMakeFiles/internet.dir/model/ipv4-l3-protocol.cc.o
[383/1215] Building CXX object src/internet/CMakeFiles/internet.dir/model/ipv4-route.cc.o
[384/1215] Building CXX object src/internet/CMakeFiles/internet.dir/model/ipv4-routing-protocol.cc.o
[385/1215] Building CXX object src/internet/CMakeFiles/internet.dir/model/ipv4-raw-socket-impl.cc.o
[386/1215] Building CXX object src/internet/CMakeFiles/internet.dir/model/ipv4-routing-table-entry.cc.o
[387/1215] Building CXX object src/internet/CMakeFiles/internet.dir/model/ipv4.cc.o
[388/1215] Building CXX object src/internet/CMakeFiles/internet.dir/model/ipv6-address-generator.cc.o
[389/1215] Building CXX object src/internet/CMakeFiles/internet.dir/model/ipv4-static-routing.cc.o
[390/1215] Building CXX object src/internet/CMakeFiles/internet.dir/model/ipv6-autoconfigured-prefix.cc.o
[391/1215] Building CXX object src/internet/CMakeFiles/internet.dir/model/ipv6-end-point.cc.o
[392/1215] Building CXX object src/internet/CMakeFiles/internet.dir/model/ipv6-end-point-demux.cc.o
[393/1215] Building CXX object src/internet/CMakeFiles/internet.dir/model/ipv6-extension-demux.cc.o
[394/1215] Building CXX object src/internet/CMakeFiles/internet.dir/model/ipv6-header.cc.o
[395/1215] Building CXX object src/internet/CMakeFiles/internet.dir/model/ipv6-extension-header.cc.o
[396/1215] Building CXX object src/internet/CMakeFiles/internet.dir/model/ipv6-interface-address.cc.o
[397/1215] Building CXX object src/internet/CMakeFiles/internet.dir/model/ipv6-extension.cc.o
[398/1215] Building CXX object src/internet/CMakeFiles/internet.dir/model/ipv6-interface.cc.o
[399/1215] Building CXX object src/internet/CMakeFiles/internet.dir/model/ipv6-list-routing.cc.o
[400/1215] Building CXX object src/internet/CMakeFiles/internet.dir/model/ipv6-option-demux.cc.o
[401/1215] Building CXX object src/internet/CMakeFiles/internet.dir/model/ipv6-option-header.cc.o
[402/1215] Building CXX object src/internet/CMakeFiles/internet.dir/model/ipv6-packet-filter.cc.o
[403/1215] Building CXX object src/internet/CMakeFiles/internet.dir/model/ipv6-option.cc.o
[404/1215] Building CXX object src/internet/CMakeFiles/internet.dir/model/ipv6-packet-info-tag.cc.o
[405/1215] Building CXX object src/internet/CMakeFiles/internet.dir/model/ipv6-l3-protocol.cc.o
[406/1215] Building CXX object src/internet/CMakeFiles/internet.dir/model/ipv6-pmtu-cache.cc.o
[407/1215] Building CXX object src/internet/CMakeFiles/internet.dir/model/ipv6-packet-probe.cc.o
[408/1215] Building CXX object src/internet/CMakeFiles/internet.dir/model/ipv6-raw-socket-factory.cc.o
[409/1215] Building CXX object src/internet/CMakeFiles/internet.dir/model/ipv6-raw-socket-factory-impl.cc.o
[410/1215] Building CXX object src/internet/CMakeFiles/internet.dir/model/ipv6-queue-disc-item.cc.o
[411/1215] Building CXX object src/internet/CMakeFiles/internet.dir/model/ipv6-routing-protocol.cc.o
[412/1215] Building CXX object src/internet/CMakeFiles/internet.dir/model/ipv6-route.cc.o
[413/1215] Building CXX object src/internet/CMakeFiles/internet.dir/model/ipv6-raw-socket-impl.cc.o
[414/1215] Building CXX object src/internet/CMakeFiles/internet.dir/model/ipv6-routing-table-entry.cc.o
[415/1215] Building CXX object src/internet/CMakeFiles/internet.dir/model/ipv6.cc.o
[416/1215] Building CXX object src/internet/CMakeFiles/internet.dir/model/loopback-net-device.cc.o
[417/1215] Building CXX object src/internet/CMakeFiles/internet.dir/model/ipv6-static-routing.cc.o
[418/1215] Building CXX object src/internet/CMakeFiles/internet.dir/model/rip-header.cc.o
[419/1215] Building CXX object src/internet/CMakeFiles/internet.dir/model/ndisc-cache.cc.o
[420/1215] Building CXX object src/internet/CMakeFiles/internet.dir/model/ripng-header.cc.o
[421/1215] Building CXX object src/internet/CMakeFiles/internet.dir/model/rtt-estimator.cc.o
[422/1215] Building CXX object src/internet/CMakeFiles/internet.dir/model/rip.cc.o
[423/1215] Building CXX object src/internet/CMakeFiles/internet.dir/model/ripng.cc.o
[424/1215] Building CXX object src/internet/CMakeFiles/internet.dir/model/tcp-bic.cc.o
[425/1215] Building CXX object src/internet/CMakeFiles/internet.dir/model/tcp-bbr.cc.o
[426/1215] Building CXX object src/internet/CMakeFiles/internet.dir/model/tcp-congestion-ops.cc.o
[427/1215] Building CXX object src/internet/CMakeFiles/internet.dir/model/tcp-cubic.cc.o
[428/1215] Building CXX object src/internet/CMakeFiles/internet.dir/model/tcp-header.cc.o
[429/1215] Building CXX object src/internet/CMakeFiles/internet.dir/model/tcp-dctcp.cc.o
[430/1215] Building CXX object src/internet/CMakeFiles/internet.dir/model/tcp-highspeed.cc.o
[431/1215] Building CXX object src/internet/CMakeFiles/internet.dir/model/tcp-htcp.cc.o
[432/1215] Building CXX object src/internet/CMakeFiles/internet.dir/model/tcp-hybla.cc.o
[433/1215] Building CXX object src/internet/CMakeFiles/internet.dir/model/tcp-illinois.cc.o
[434/1215] Building CXX object src/internet/CMakeFiles/internet.dir/model/tcp-ledbat.cc.o
[435/1215] Building CXX object src/internet/CMakeFiles/internet.dir/model/tcp-linux-reno.cc.o
[436/1215] Building CXX object src/internet/CMakeFiles/internet.dir/model/tcp-option-rfc793.cc.o
[437/1215] Building CXX object src/internet/CMakeFiles/internet.dir/model/tcp-l4-protocol.cc.o
[438/1215] Building CXX object src/internet/CMakeFiles/internet.dir/model/tcp-lp.cc.o
[439/1215] Building CXX object src/internet/CMakeFiles/internet.dir/model/tcp-option-sack-permitted.cc.o
[440/1215] Building CXX object src/internet/CMakeFiles/internet.dir/model/tcp-option-ts.cc.o
[441/1215] Building CXX object src/internet/CMakeFiles/internet.dir/model/tcp-option-sack.cc.o
[442/1215] Building CXX object src/internet/CMakeFiles/internet.dir/model/tcp-option-winscale.cc.o
[443/1215] Building CXX object src/internet/CMakeFiles/internet.dir/model/tcp-option.cc.o
[444/1215] Building CXX object src/internet/CMakeFiles/internet.dir/model/tcp-prr-recovery.cc.o
[445/1215] Building CXX object src/internet/CMakeFiles/internet.dir/model/tcp-recovery-ops.cc.o
[446/1215] Building CXX object src/internet/CMakeFiles/internet.dir/model/tcp-rate-ops.cc.o
[447/1215] Building CXX object src/internet/CMakeFiles/internet.dir/model/tcp-rx-buffer.cc.o
[448/1215] Building CXX object src/internet/CMakeFiles/internet.dir/model/tcp-scalable.cc.o
[449/1215] Building CXX object src/internet/CMakeFiles/internet.dir/model/tcp-socket-factory.cc.o
[450/1215] Building CXX object src/internet/CMakeFiles/internet.dir/model/tcp-socket-factory-impl.cc.o
[451/1215] Building CXX object src/internet/CMakeFiles/internet.dir/model/tcp-socket.cc.o
[452/1215] Building CXX object src/internet/CMakeFiles/internet.dir/model/tcp-socket-state.cc.o
[453/1215] Building CXX object src/internet/CMakeFiles/internet.dir/model/tcp-tx-item.cc.o
[454/1215] Building CXX object src/internet/CMakeFiles/internet.dir/model/tcp-tx-buffer.cc.o
[455/1215] Building CXX object src/internet/CMakeFiles/internet.dir/model/tcp-vegas.cc.o
[456/1215] Building CXX object src/internet/CMakeFiles/internet.dir/model/tcp-veno.cc.o
[457/1215] Building CXX object src/internet/CMakeFiles/internet.dir/model/tcp-westwood-plus.cc.o
[458/1215] Building CXX object src/internet/CMakeFiles/internet.dir/model/tcp-yeah.cc.o
[459/1215] Building CXX object src/internet/CMakeFiles/internet.dir/model/udp-header.cc.o
[460/1215] Building CXX object src/internet/CMakeFiles/internet.dir/model/udp-socket-factory-impl.cc.o
[461/1215] Building CXX object src/internet/CMakeFiles/internet.dir/model/udp-socket-factory.cc.o
[462/1215] Building CXX object src/internet/CMakeFiles/internet.dir/model/udp-l4-protocol.cc.o
[463/1215] Building CXX object src/internet/CMakeFiles/internet.dir/model/udp-socket.cc.o
[464/1215] Building CXX object src/internet/CMakeFiles/internet.dir/model/tcp-socket-base.cc.o
[465/1215] Building CXX object src/internet/CMakeFiles/internet.dir/model/udp-socket-impl.cc.o
[466/1215] Building CXX object src/internet/CMakeFiles/internet-test.dir/test/internet-stack-helper-test-suite.cc.o
[467/1215] Building CXX object src/internet/CMakeFiles/internet-test.dir/test/global-route-manager-impl-test-suite.cc.o
[468/1215] Building CXX object src/internet/CMakeFiles/internet-test.dir/test/icmp-test.cc.o
[469/1215] Building CXX object src/internet/CMakeFiles/internet-test.dir/test/ipv4-address-generator-test-suite.cc.o
[470/1215] Building CXX object src/internet/CMakeFiles/internet-test.dir/test/ipv4-address-helper-test-suite.cc.o
[471/1215] Building CXX object src/internet/CMakeFiles/internet-test.dir/test/ipv4-forwarding-test.cc.o
[472/1215] Building CXX object src/internet/CMakeFiles/internet-test.dir/test/ipv4-fragmentation-test.cc.o
[473/1215] Building CXX object src/internet/CMakeFiles/internet-test.dir/test/ipv4-deduplication-test.cc.o
[474/1215] Building CXX object src/internet/CMakeFiles/internet-test.dir/test/ipv4-list-routing-test-suite.cc.o
[475/1215] Building CXX object src/internet/CMakeFiles/internet-test.dir/test/ipv4-header-test.cc.o
[476/1215] Building CXX object src/internet/CMakeFiles/internet-test.dir/test/ipv4-packet-info-tag-test-suite.cc.o
[477/1215] Building CXX object src/internet/CMakeFiles/internet-test.dir/test/ipv4-raw-test.cc.o
[478/1215] Building CXX object src/internet/CMakeFiles/internet-test.dir/test/ipv4-rip-test.cc.o
[479/1215] Building CXX object src/internet/CMakeFiles/internet-test.dir/test/ipv4-static-routing-test-suite.cc.o
[480/1215] Building CXX object src/internet/CMakeFiles/internet-test.dir/test/ipv4-test.cc.o
[481/1215] Building CXX object src/internet/CMakeFiles/internet-test.dir/test/ipv6-address-duplication-test.cc.o
[482/1215] Building CXX object src/internet/CMakeFiles/internet-test.dir/test/ipv6-address-generator-test-suite.cc.o
[483/1215] Building CXX object src/internet/CMakeFiles/internet-test.dir/test/global-routing-test-suite.cc.o
[484/1215] Building CXX object src/internet/CMakeFiles/internet-test.dir/test/ipv6-address-helper-test-suite.cc.o
[485/1215] Building CXX object src/internet/CMakeFiles/internet-test.dir/test/ipv6-dual-stack-test-suite.cc.o
[486/1215] Building CXX object src/internet/CMakeFiles/internet-test.dir/test/ipv6-extension-header-test-suite.cc.o
[487/1215] Building CXX object src/internet/CMakeFiles/internet-test.dir/test/ipv6-list-routing-test-suite.cc.o
[488/1215] Building CXX object src/internet/CMakeFiles/internet-test.dir/test/ipv6-forwarding-test.cc.o
[489/1215] Building CXX object src/internet/CMakeFiles/internet-test.dir/test/ipv6-fragmentation-test.cc.o
[490/1215] Building CXX object src/internet/CMakeFiles/internet-test.dir/test/ipv6-packet-info-tag-test-suite.cc.o
[491/1215] Building CXX object src/internet/CMakeFiles/internet-test.dir/test/ipv6-raw-test.cc.o
[492/1215] Building CXX object src/internet/CMakeFiles/internet-test.dir/test/ipv6-test.cc.o
[493/1215] Building CXX object src/internet/CMakeFiles/internet-test.dir/test/ipv6-ripng-test.cc.o
[494/1215] Building CXX object src/internet/CMakeFiles/internet-test.dir/test/rtt-test.cc.o
[495/1215] Building CXX object src/internet/CMakeFiles/internet-test.dir/test/tcp-abe-test.cc.o
[496/1215] Building CXX object src/internet/CMakeFiles/internet-test.dir/test/tcp-advertised-window-test.cc.o
[497/1215] Building CXX object src/internet/CMakeFiles/internet-test.dir/test/tcp-bbr-test.cc.o
[498/1215] Building CXX object src/internet/CMakeFiles/internet-test.dir/test/neighbor-cache-test.cc.o
[499/1215] Building CXX object src/internet/CMakeFiles/internet-test.dir/test/tcp-bic-test.cc.o
[500/1215] Building CXX object src/internet/CMakeFiles/internet-test.dir/test/tcp-classic-recovery-test.cc.o
[501/1215] Building CXX object src/internet/CMakeFiles/internet-test.dir/test/tcp-bytes-in-flight-test.cc.o
[502/1215] Building CXX object src/internet/CMakeFiles/internet-test.dir/test/tcp-cong-avoid-test.cc.o
[503/1215] Building CXX object src/internet/CMakeFiles/internet-test.dir/test/tcp-close-test.cc.o
[504/1215] Building CXX object src/internet/CMakeFiles/internet-test.dir/test/tcp-datasentcb-test.cc.o
[505/1215] Building CXX object src/internet/CMakeFiles/internet-test.dir/test/tcp-dctcp-test.cc.o
[506/1215] Building CXX object src/internet/CMakeFiles/internet-test.dir/test/tcp-ecn-test.cc.o
[507/1215] Building CXX object src/internet/CMakeFiles/internet-test.dir/test/tcp-error-model.cc.o
[508/1215] Building CXX object src/internet/CMakeFiles/internet-test.dir/test/tcp-endpoint-bug2211.cc.o
[509/1215] Building CXX object src/internet/CMakeFiles/internet-test.dir/test/tcp-fack-test.cc.o
[510/1215] Building CXX object src/internet/CMakeFiles/internet-test.dir/test/tcp-fast-retr-test.cc.o
[511/1215] Building CXX object src/internet/CMakeFiles/internet-test.dir/test/tcp-header-test.cc.o
[512/1215] Building CXX object src/internet/CMakeFiles/internet-test.dir/test/tcp-highspeed-test.cc.o
[513/1215] Building CXX object src/internet/CMakeFiles/internet-test.dir/test/tcp-htcp-test.cc.o
[514/1215] Building CXX object src/internet/CMakeFiles/internet-test.dir/test/tcp-hybla-test.cc.o
[515/1215] Building CXX object src/internet/CMakeFiles/internet-test.dir/test/tcp-general-test.cc.o
[516/1215] Building CXX object src/internet/CMakeFiles/internet-test.dir/test/tcp-illinois-test.cc.o
[517/1215] Building CXX object src/internet/CMakeFiles/internet-test.dir/test/tcp-ledbat-test.cc.o
[518/1215] Building CXX object src/internet/CMakeFiles/internet-test.dir/test/tcp-linux-reno-test.cc.o
[519/1215] Building CXX object src/internet/CMakeFiles/internet-test.dir/test/tcp-loss-test.cc.o
[520/1215] Building CXX object src/internet/CMakeFiles/internet-test.dir/test/tcp-lp-test.cc.o
[521/1215] Building CXX object src/internet/CMakeFiles/internet-test.dir/test/tcp-pacing-test.cc.o
[522/1215] Building CXX object src/internet/CMakeFiles/internet-test.dir/test/tcp-option-test.cc.o
[523/1215] Building CXX object src/internet/CMakeFiles/internet-test.dir/test/tcp-pkts-acked-test.cc.o
[524/1215] Building CXX object src/internet/CMakeFiles/internet-test.dir/test/tcp-prr-recovery-test.cc.o
[525/1215] Building CXX object src/internet/CMakeFiles/internet-test.dir/test/tcp-rtt-estimation.cc.o
[526/1215] Building CXX object src/internet/CMakeFiles/internet-test.dir/test/tcp-rate-ops-test.cc.o
[527/1215] Building CXX object src/internet/CMakeFiles/internet-test.dir/test/tcp-rto-test.cc.o
[528/1215] Building CXX object src/internet/CMakeFiles/internet-test.dir/test/tcp-sack-permitted-test.cc.o
[529/1215] Building CXX object src/internet/CMakeFiles/internet-test.dir/test/tcp-scalable-test.cc.o
[530/1215] Building CXX object src/internet/CMakeFiles/internet-test.dir/test/tcp-rx-buffer-test.cc.o
[531/1215] Building CXX object src/internet/CMakeFiles/internet-test.dir/test/tcp-slow-start-test.cc.o
[532/1215] Building CXX object src/internet/CMakeFiles/internet-test.dir/test/tcp-timestamp-test.cc.o
[533/1215] Building CXX object src/internet/CMakeFiles/internet-test.dir/test/tcp-syn-connection-failed-test.cc.o
[534/1215] Building CXX object src/internet/CMakeFiles/internet-test.dir/test/tcp-test.cc.o
[535/1215] Building CXX object src/internet/CMakeFiles/internet-test.dir/test/tcp-vegas-test.cc.o
[536/1215] Building CXX object src/internet/CMakeFiles/internet-test.dir/test/tcp-tx-buffer-test.cc.o
[537/1215] Building CXX object src/internet/CMakeFiles/internet-test.dir/test/tcp-veno-test.cc.o
[538/1215] Building CXX object src/internet/CMakeFiles/internet-test.dir/test/tcp-wscaling-test.cc.o
[539/1215] Building CXX object src/internet/CMakeFiles/internet-test.dir/test/tcp-yeah-test.cc.o
[540/1215] Building CXX object src/internet/CMakeFiles/internet-test.dir/test/tcp-zero-window-test.cc.o
[541/1215] Building CXX object src/bridge/CMakeFiles/bridge.dir/helper/bridge-helper.cc.o
[542/1215] Building CXX object src/bridge/CMakeFiles/bridge.dir/model/bridge-channel.cc.o
[543/1215] Building CXX object src/internet/examples/CMakeFiles/main-simple.dir/main-simple.cc.o
[544/1215] Building CXX object src/internet/CMakeFiles/internet-test.dir/test/udp-test.cc.o
[545/1215] Building CXX object src/traffic-control/CMakeFiles/traffic-control.dir/helper/queue-disc-container.cc.o
[546/1215] Building CXX object src/bridge/CMakeFiles/bridge.dir/model/bridge-net-device.cc.o
[547/1215] Linking CXX shared library /home/user/ns3build/ns-3.48/build/lib/libns3.48-bridge-default.so
[548/1215] Building CXX object src/traffic-control/CMakeFiles/traffic-control.dir/helper/traffic-control-helper.cc.o
[549/1215] Building CXX object src/traffic-control/CMakeFiles/traffic-control.dir/model/fifo-queue-disc.cc.o
[550/1215] Building CXX object src/traffic-control/CMakeFiles/traffic-control.dir/model/cobalt-queue-disc.cc.o
[551/1215] Building CXX object src/traffic-control/CMakeFiles/traffic-control.dir/model/codel-queue-disc.cc.o
[552/1215] Building CXX object src/traffic-control/CMakeFiles/traffic-control.dir/model/fq-cobalt-queue-disc.cc.o
[553/1215] Building CXX object src/traffic-control/CMakeFiles/traffic-control.dir/model/fq-codel-queue-disc.cc.o
[554/1215] Building CXX object src/traffic-control/CMakeFiles/traffic-control.dir/model/fq-pie-queue-disc.cc.o
[555/1215] Building CXX object src/traffic-control/CMakeFiles/traffic-control.dir/model/mq-queue-disc.cc.o
[556/1215] Building CXX object src/traffic-control/CMakeFiles/traffic-control.dir/model/packet-filter.cc.o
[557/1215] Building CXX object src/traffic-control/CMakeFiles/traffic-control.dir/model/pfifo-fast-queue-disc.cc.o
[558/1215] Building CXX object src/traffic-control/CMakeFiles/traffic-control.dir/model/prio-queue-disc.cc.o
[559/1215] Building CXX object src/traffic-control/CMakeFiles/traffic-control.dir/model/pie-queue-disc.cc.o
[560/1215] Building CXX object src/traffic-control/CMakeFiles/traffic-control.dir/model/red-queue-disc.cc.o
[561/1215] Building CXX object src/traffic-control/CMakeFiles/traffic-control.dir/model/tbf-queue-disc.cc.o
[562/1215] Building CXX object src/traffic-control/CMakeFiles/traffic-control.dir/model/queue-disc.cc.o
[563/1215] Building CXX object src/traffic-control/CMakeFiles/traffic-control.dir/model/traffic-control-layer.cc.o
[564/1215] Linking CXX shared library /home/user/ns3build/ns-3.48/build/lib/libns3.48-traffic-control-default.so
[565/1215] Linking CXX shared library /home/user/ns3build/ns-3.48/build/lib/libns3.48-internet-default.so
[566/1215] Linking CXX shared library /home/user/ns3build/ns-3.48/build/lib/libns3.48-applications-default.so
[567/1215] Linking CXX shared library /home/user/ns3build/ns-3.48/build/lib/libns3.48-applications-test-default.so
[568/1215] Linking CXX executable /home/user/ns3build/ns-3.48/build/src/applications/examples/ns3.48-three-gpp-http-example-default
[569/1215] Linking CXX shared library /home/user/ns3build/ns-3.48/build/lib/libns3.48-internet-test-default.so
[570/1215] Linking CXX executable /home/user/ns3build/ns-3.48/build/src/internet/examples/ns3.48-main-simple-default
[571/1215] Building CXX object src/traffic-control/CMakeFiles/traffic-control-test.dir/test/adaptive-red-queue-disc-test-suite.cc.o
[572/1215] Building CXX object src/traffic-control/CMakeFiles/traffic-control-test.dir/test/fifo-queue-disc-test-suite.cc.o
[573/1215] Building CXX object src/traffic-control/CMakeFiles/traffic-control-test.dir/test/cobalt-queue-disc-test-suite.cc.o
[574/1215] Building CXX object src/traffic-control/CMakeFiles/traffic-control-test.dir/test/codel-queue-disc-test-suite.cc.o
[575/1215] Building CXX object src/traffic-control/CMakeFiles/traffic-control-test.dir/test/prio-queue-disc-test-suite.cc.o
[576/1215] Building CXX object src/traffic-control/CMakeFiles/traffic-control-test.dir/test/queue-disc-traces-test-suite.cc.o
[577/1215] Building CXX object src/traffic-control/CMakeFiles/traffic-control-test.dir/test/pie-queue-disc-test-suite.cc.o
[578/1215] Building CXX object src/traffic-control/CMakeFiles/traffic-control-test.dir/test/tc-flow-control-test-suite.cc.o
[579/1215] Building CXX object src/traffic-control/CMakeFiles/traffic-control-test.dir/test/tbf-queue-disc-test-suite.cc.o
[580/1215] Building CXX object src/traffic-control/CMakeFiles/traffic-control-test.dir/test/red-queue-disc-test-suite.cc.o
[581/1215] Linking CXX shared library /home/user/ns3build/ns-3.48/build/lib/libns3.48-traffic-control-test-default.so
[582/1215] Building CXX object src/internet-apps/CMakeFiles/internet-apps.dir/helper/dhcp-helper.cc.o
[583/1215] Building CXX object src/internet-apps/CMakeFiles/internet-apps.dir/helper/dhcp6-helper.cc.o
[584/1215] Building CXX object src/internet-apps/CMakeFiles/internet-apps.dir/helper/ping-helper.cc.o
[585/1215] Building CXX object src/traffic-control/examples/CMakeFiles/codel-vs-pfifo-basic-test.dir/codel-vs-pfifo-basic-test.cc.o
[586/1215] Linking CXX executable /home/user/ns3build/ns-3.48/build/src/traffic-control/examples/ns3.48-codel-vs-pfifo-basic-test-default
[587/1215] Building CXX object src/internet-apps/CMakeFiles/internet-apps.dir/helper/radvd-helper.cc.o
[588/1215] Building CXX object src/internet-apps/CMakeFiles/internet-apps.dir/helper/v4traceroute-helper.cc.o
[589/1215] Building CXX object src/internet-apps/CMakeFiles/internet-apps.dir/model/dhcp-header.cc.o
[590/1215] Building CXX object src/internet-apps/CMakeFiles/internet-apps.dir/model/dhcp-server.cc.o
[591/1215] Building CXX object src/internet-apps/CMakeFiles/internet-apps.dir/model/dhcp-client.cc.o
[592/1215] Building CXX object src/internet-apps/CMakeFiles/internet-apps.dir/model/dhcp6-duid.cc.o
[593/1215] Building CXX object src/internet-apps/CMakeFiles/internet-apps.dir/model/dhcp6-header.cc.o
[594/1215] Building CXX object src/internet-apps/CMakeFiles/internet-apps.dir/model/dhcp6-options.cc.o
[595/1215] Building CXX object src/internet-apps/CMakeFiles/internet-apps.dir/model/dhcp6-client.cc.o
[596/1215] Building CXX object src/internet-apps/CMakeFiles/internet-apps.dir/model/radvd-interface.cc.o
[597/1215] Building CXX object src/internet-apps/CMakeFiles/internet-apps.dir/model/radvd-prefix.cc.o
[598/1215] Building CXX object src/internet-apps/CMakeFiles/internet-apps.dir/model/dhcp6-server.cc.o
[599/1215] Building CXX object src/internet-apps/CMakeFiles/internet-apps.dir/model/ping.cc.o
[600/1215] Building CXX object src/internet-apps/CMakeFiles/internet-apps.dir/model/radvd.cc.o
[601/1215] Building CXX object src/internet-apps/CMakeFiles/internet-apps.dir/model/v4traceroute.cc.o
[602/1215] Linking CXX shared library /home/user/ns3build/ns-3.48/build/lib/libns3.48-internet-apps-default.so
[603/1215] Building CXX object src/internet-apps/CMakeFiles/internet-apps-test.dir/test/dhcp-test.cc.o
[604/1215] Building CXX object src/internet-apps/CMakeFiles/internet-apps-test.dir/test/ipv6-radvd-test.cc.o
[605/1215] Building CXX object src/internet-apps/CMakeFiles/internet-apps-test.dir/test/dhcp6-test.cc.o
[606/1215] Building CXX object src/internet-apps/CMakeFiles/internet-apps-test.dir/test/ping-test.cc.o
[607/1215] Linking CXX shared library /home/user/ns3build/ns-3.48/build/lib/libns3.48-internet-apps-test-default.so
[608/1215] Building CXX object src/wifi/CMakeFiles/wifi.dir/helper/athstats-helper.cc.o
[609/1215] Building CXX object src/wifi/CMakeFiles/wifi.dir/helper/spectrum-wifi-helper.cc.o
[610/1215] Building CXX object src/internet-apps/examples/CMakeFiles/traceroute-example.dir/traceroute-example.cc.o
[611/1215] Building CXX object src/wifi/CMakeFiles/wifi.dir/helper/wifi-co-trace-helper.cc.o
[612/1215] Building CXX object src/wifi/CMakeFiles/wifi.dir/helper/wifi-radio-energy-model-helper.cc.o
[613/1215] Building CXX object src/wifi/CMakeFiles/wifi.dir/helper/wifi-mac-helper.cc.o
[614/1215] Building CXX object src/wifi/CMakeFiles/wifi.dir/helper/yans-wifi-helper.cc.o
[615/1215] Building CXX object src/wifi/CMakeFiles/wifi.dir/helper/wifi-helper.cc.o
[616/1215] Building CXX object src/wifi/CMakeFiles/wifi.dir/helper/wifi-static-setup-helper.cc.o
[617/1215] Building CXX object src/wifi/CMakeFiles/wifi.dir/model/addba-extension.cc.o
[618/1215] Building CXX object src/wifi/CMakeFiles/wifi.dir/helper/wifi-phy-rx-trace-helper.cc.o
[619/1215] Building CXX object src/wifi/CMakeFiles/wifi.dir/helper/wifi-tx-stats-helper.cc.o
[620/1215] Building CXX object src/wifi/CMakeFiles/wifi.dir/model/ampdu-subframe-header.cc.o
[621/1215] Building CXX object src/wifi/CMakeFiles/wifi.dir/model/adhoc-wifi-mac.cc.o
[622/1215] Building CXX object src/wifi/CMakeFiles/wifi.dir/model/ampdu-tag.cc.o
[623/1215] Building CXX object src/wifi/CMakeFiles/wifi.dir/model/amsdu-subframe-header.cc.o
[624/1215] Building CXX object src/wifi/CMakeFiles/wifi.dir/model/block-ack-agreement.cc.o
[625/1215] Building CXX object src/wifi/CMakeFiles/wifi.dir/model/block-ack-type.cc.o
[626/1215] Building CXX object src/wifi/CMakeFiles/wifi.dir/model/block-ack-window.cc.o
[627/1215] Building CXX object src/wifi/CMakeFiles/wifi.dir/model/capability-information.cc.o
[628/1215] Building CXX object src/wifi/CMakeFiles/wifi.dir/model/block-ack-manager.cc.o
[629/1215] Building CXX object src/wifi/CMakeFiles/wifi.dir/model/channel-access-manager.cc.o
[630/1215] Building CXX object src/wifi/CMakeFiles/wifi.dir/model/ctrl-headers.cc.o
[631/1215] Building CXX object src/wifi/CMakeFiles/wifi.dir/model/edca-parameter-set.cc.o
[632/1215] Building CXX object src/wifi/CMakeFiles/wifi.dir/model/default-power-save-manager.cc.o
[633/1215] Building CXX object src/wifi/CMakeFiles/wifi.dir/model/eht/advanced-ap-emlsr-manager.cc.o
[634/1215] Building CXX object src/wifi/CMakeFiles/wifi.dir/model/ap-wifi-mac.cc.o
[635/1215] Building CXX object src/wifi/CMakeFiles/wifi.dir/model/eht/ap-emlsr-manager.cc.o
[636/1215] Building CXX object src/wifi/CMakeFiles/wifi.dir/model/eht/common-info-basic-mle.cc.o
[637/1215] Building CXX object src/wifi/CMakeFiles/wifi.dir/model/eht/common-info-probe-req-mle.cc.o
[638/1215] Building CXX object src/wifi/CMakeFiles/wifi.dir/model/eht/default-ap-emlsr-manager.cc.o
[639/1215] Building CXX object src/wifi/CMakeFiles/wifi.dir/model/eht/advanced-emlsr-manager.cc.o
[640/1215] Building CXX object src/wifi/CMakeFiles/wifi.dir/model/eht/eht-capabilities.cc.o
[641/1215] Building CXX object src/wifi/CMakeFiles/wifi.dir/model/eht/default-emlsr-manager.cc.o
[642/1215] Building CXX object src/wifi/CMakeFiles/wifi.dir/model/eht/eht-configuration.cc.o
[643/1215] Building CXX object src/wifi/CMakeFiles/wifi.dir/model/eht/eht-operation.cc.o
[644/1215] Building CXX object src/wifi/CMakeFiles/wifi.dir/model/eht/tid-to-link-mapping-element.cc.o
[645/1215] Building CXX object src/wifi/CMakeFiles/wifi.dir/model/eht/eht-ppdu.cc.o
[646/1215] Building CXX object src/wifi/CMakeFiles/wifi.dir/model/eht/eht-phy.cc.o
[647/1215] Building CXX object src/wifi/CMakeFiles/wifi.dir/model/eht/eht-frame-exchange-manager.cc.o
[648/1215] Building CXX object src/wifi/CMakeFiles/wifi.dir/model/eht/eht-ru.cc.o
[649/1215] Building CXX object src/wifi/CMakeFiles/wifi.dir/model/error-rate-model.cc.o
[650/1215] Building CXX object src/wifi/CMakeFiles/wifi.dir/model/extended-capabilities.cc.o
[651/1215] Building CXX object src/wifi/CMakeFiles/wifi.dir/model/eht/multi-link-element.cc.o
[652/1215] Building CXX object src/wifi/CMakeFiles/wifi.dir/model/frame-capture-model.cc.o
[653/1215] Building CXX object src/wifi/CMakeFiles/wifi.dir/model/fcfs-wifi-queue-scheduler.cc.o
[654/1215] Building CXX object src/wifi/CMakeFiles/wifi.dir/model/eht/emlsr-manager.cc.o
[655/1215] Building CXX object src/wifi/CMakeFiles/wifi.dir/model/gcr-group-address.cc.o
[656/1215] Building CXX object src/wifi/CMakeFiles/wifi.dir/model/gcr-manager.cc.o
[657/1215] Building CXX object src/wifi/CMakeFiles/wifi.dir/model/he/constant-obss-pd-algorithm.cc.o
[658/1215] Building CXX object src/wifi/CMakeFiles/wifi.dir/model/he/he-6ghz-band-capabilities.cc.o
[659/1215] Building CXX object src/wifi/CMakeFiles/wifi.dir/model/he/he-capabilities.cc.o
[660/1215] Building CXX object src/wifi/CMakeFiles/wifi.dir/model/he/he-configuration.cc.o
[661/1215] Building CXX object src/wifi/CMakeFiles/wifi.dir/model/frame-exchange-manager.cc.o
[662/1215] Building CXX object src/wifi/CMakeFiles/wifi.dir/model/he/he-operation.cc.o
[663/1215] Building CXX object src/wifi/CMakeFiles/wifi.dir/model/he/he-ppdu.cc.o
[664/1215] Building CXX object src/wifi/CMakeFiles/wifi.dir/model/he/he-ru.cc.o
[665/1215] Building CXX object src/wifi/CMakeFiles/wifi.dir/model/he/mu-edca-parameter-set.cc.o
[666/1215] Building CXX object src/wifi/CMakeFiles/wifi.dir/model/he/mu-snr-tag.cc.o
[667/1215] Building CXX object src/wifi/CMakeFiles/wifi.dir/model/he/he-phy.cc.o
[668/1215] Building CXX object src/wifi/CMakeFiles/wifi.dir/model/he/he-frame-exchange-manager.cc.o
[669/1215] Building CXX object src/wifi/CMakeFiles/wifi.dir/model/he/obss-pd-algorithm.cc.o
[670/1215] Building CXX object src/wifi/CMakeFiles/wifi.dir/model/ht/ht-capabilities.cc.o
[671/1215] Building CXX object src/wifi/CMakeFiles/wifi.dir/model/ht/ht-configuration.cc.o
[672/1215] Building CXX object src/wifi/CMakeFiles/wifi.dir/model/he/multi-user-scheduler.cc.o
[673/1215] Building CXX object src/wifi/CMakeFiles/wifi.dir/model/ht/ht-operation.cc.o
[674/1215] Building CXX object src/wifi/CMakeFiles/wifi.dir/model/he/rr-multi-user-scheduler.cc.o
[675/1215] Building CXX object src/wifi/CMakeFiles/wifi.dir/model/ht/ht-ppdu.cc.o
[676/1215] Building CXX object src/wifi/CMakeFiles/wifi.dir/model/ht/ht-phy.cc.o
[677/1215] Building CXX object src/wifi/CMakeFiles/wifi.dir/model/mac-rx-middle.cc.o
[678/1215] Building CXX object src/wifi/CMakeFiles/wifi.dir/model/mac-tx-middle.cc.o
[679/1215] Building CXX object src/wifi/CMakeFiles/wifi.dir/model/interference-helper.cc.o
[680/1215] Building CXX object src/wifi/CMakeFiles/wifi.dir/model/ht/ht-frame-exchange-manager.cc.o
[681/1215] Building CXX object src/wifi/CMakeFiles/wifi.dir/model/mgt-action-headers.cc.o
[682/1215] Building CXX object src/wifi/CMakeFiles/wifi.dir/model/mpdu-aggregator.cc.o
[683/1215] Building CXX object src/wifi/CMakeFiles/wifi.dir/model/nist-error-rate-model.cc.o
[684/1215] Building CXX object src/wifi/CMakeFiles/wifi.dir/model/msdu-aggregator.cc.o
[685/1215] Building CXX object src/wifi/CMakeFiles/wifi.dir/model/non-ht/dsss-error-rate-model.cc.o
[686/1215] Building CXX object src/wifi/CMakeFiles/wifi.dir/model/non-ht/dsss-parameter-set.cc.o
[687/1215] Building CXX object src/wifi/CMakeFiles/wifi.dir/model/mgt-headers.cc.o
[688/1215] Building CXX object src/wifi/CMakeFiles/wifi.dir/model/non-ht/dsss-ppdu.cc.o
[689/1215] Building CXX object src/wifi/CMakeFiles/wifi.dir/model/non-ht/erp-information.cc.o
[690/1215] Building CXX object src/wifi/CMakeFiles/wifi.dir/model/non-ht/dsss-phy.cc.o
[691/1215] Building CXX object src/wifi/CMakeFiles/wifi.dir/model/non-ht/erp-ofdm-ppdu.cc.o
[692/1215] Building CXX object src/wifi/CMakeFiles/wifi.dir/model/non-ht/erp-ofdm-phy.cc.o
[693/1215] Building CXX object src/wifi/CMakeFiles/wifi.dir/model/non-ht/ofdm-ppdu.cc.o
[694/1215] Building CXX object src/wifi/CMakeFiles/wifi.dir/model/non-inheritance.cc.o
[695/1215] Building CXX object src/wifi/CMakeFiles/wifi.dir/model/originator-block-ack-agreement.cc.o
[696/1215] Building CXX object src/wifi/CMakeFiles/wifi.dir/model/non-ht/ofdm-phy.cc.o
[697/1215] Building CXX object src/wifi/CMakeFiles/wifi.dir/model/preamble-detection-model.cc.o
[698/1215] Building CXX object src/wifi/CMakeFiles/wifi.dir/model/power-save-manager.cc.o
[699/1215] Building CXX object src/wifi/CMakeFiles/wifi.dir/model/phy-entity.cc.o
[700/1215] Building CXX object src/wifi/CMakeFiles/wifi.dir/model/qos-frame-exchange-manager.cc.o
[701/1215] Building CXX object src/wifi/CMakeFiles/wifi.dir/model/qos-utils.cc.o
[702/1215] Building CXX object src/wifi/CMakeFiles/wifi.dir/model/rate-control/aarf-wifi-manager.cc.o
[703/1215] Building CXX object src/wifi/CMakeFiles/wifi.dir/model/rate-control/aarfcd-wifi-manager.cc.o
[704/1215] Building CXX object src/wifi/CMakeFiles/wifi.dir/model/rate-control/amrr-wifi-manager.cc.o
[705/1215] Building CXX object src/wifi/CMakeFiles/wifi.dir/model/qos-txop.cc.o
[706/1215] Building CXX object src/wifi/CMakeFiles/wifi.dir/model/rate-control/aparf-wifi-manager.cc.o
[707/1215] Building CXX object src/wifi/CMakeFiles/wifi.dir/model/rate-control/arf-wifi-manager.cc.o
[708/1215] Building CXX object src/wifi/CMakeFiles/wifi.dir/model/rate-control/cara-wifi-manager.cc.o
[709/1215] Building CXX object src/wifi/CMakeFiles/wifi.dir/model/rate-control/constant-rate-wifi-manager.cc.o
[710/1215] Building CXX object src/wifi/CMakeFiles/wifi.dir/model/rate-control/ideal-wifi-manager.cc.o
[711/1215] Building CXX object src/wifi/CMakeFiles/wifi.dir/model/rate-control/onoe-wifi-manager.cc.o
[712/1215] Building CXX object src/wifi/CMakeFiles/wifi.dir/model/rate-control/minstrel-wifi-manager.cc.o
[713/1215] Building CXX object src/wifi/CMakeFiles/wifi.dir/model/rate-control/minstrel-ht-wifi-manager.cc.o
[714/1215] Building CXX object src/wifi/CMakeFiles/wifi.dir/model/rate-control/parf-wifi-manager.cc.o
[715/1215] Building CXX object src/wifi/CMakeFiles/wifi.dir/model/rate-control/rraa-wifi-manager.cc.o
[716/1215] Building CXX object src/wifi/CMakeFiles/wifi.dir/model/rate-control/rrpaa-wifi-manager.cc.o
[717/1215] Building CXX object src/wifi/CMakeFiles/wifi.dir/model/recipient-block-ack-agreement.cc.o
[718/1215] Building CXX object src/wifi/CMakeFiles/wifi.dir/model/reference/error-rate-tables.cc.o
[719/1215] Building CXX object src/wifi/CMakeFiles/wifi.dir/model/rate-control/thompson-sampling-wifi-manager.cc.o
[720/1215] Building CXX object src/wifi/CMakeFiles/wifi.dir/model/reduced-neighbor-report.cc.o
[721/1215] Building CXX object src/wifi/CMakeFiles/wifi.dir/model/snr-tag.cc.o
[722/1215] Building CXX object src/wifi/CMakeFiles/wifi.dir/model/simple-frame-capture-model.cc.o
[723/1215] Building CXX object src/wifi/CMakeFiles/wifi.dir/model/ssid.cc.o
[724/1215] Building CXX object src/wifi/CMakeFiles/wifi.dir/model/rr-wifi-queue-scheduler.cc.o
[725/1215] Building CXX object src/wifi/CMakeFiles/wifi.dir/model/status-code.cc.o
[726/1215] Building CXX object src/wifi/CMakeFiles/wifi.dir/model/supported-rates.cc.o
[727/1215] Building CXX object src/wifi/CMakeFiles/wifi.dir/model/spectrum-wifi-phy.cc.o
[728/1215] Building CXX object src/wifi/CMakeFiles/wifi.dir/model/threshold-preamble-detection-model.cc.o
[729/1215] Building CXX object src/wifi/CMakeFiles/wifi.dir/model/table-based-error-rate-model.cc.o
[730/1215] Building CXX object src/wifi/CMakeFiles/wifi.dir/model/tim.cc.o
[731/1215] Building CXX object src/wifi/CMakeFiles/wifi.dir/model/vht/vht-capabilities.cc.o
[732/1215] Building CXX object src/wifi/CMakeFiles/wifi.dir/model/vht/vht-configuration.cc.o
[733/1215] Building CXX object src/wifi/CMakeFiles/wifi.dir/model/txop.cc.o
[734/1215] Building CXX object src/wifi/CMakeFiles/wifi.dir/model/vht/vht-frame-exchange-manager.cc.o
[735/1215] Building CXX object src/wifi/CMakeFiles/wifi.dir/model/vht/vht-operation.cc.o
[736/1215] Building CXX object src/wifi/CMakeFiles/wifi.dir/model/sta-wifi-mac.cc.o
[737/1215] Building CXX object src/wifi/CMakeFiles/wifi.dir/model/vht/vht-ppdu.cc.o
[738/1215] Building CXX object src/wifi/CMakeFiles/wifi.dir/model/vht/vht-phy.cc.o
[739/1215] Building CXX object src/wifi/CMakeFiles/wifi.dir/model/wifi-acknowledgment.cc.o
[740/1215] Building CXX object src/wifi/CMakeFiles/wifi.dir/model/wifi-ack-manager.cc.o
[741/1215] Building CXX object src/wifi/CMakeFiles/wifi.dir/model/wifi-bandwidth-filter.cc.o
[742/1215] Building CXX object src/wifi/CMakeFiles/wifi.dir/model/wifi-assoc-manager.cc.o
[743/1215] Building CXX object src/wifi/CMakeFiles/wifi.dir/model/wifi-default-assoc-manager.cc.o
[744/1215] Building CXX object src/wifi/CMakeFiles/wifi.dir/model/wifi-default-ack-manager.cc.o
[745/1215] Building CXX object src/wifi/CMakeFiles/wifi.dir/model/wifi-information-element.cc.o
[746/1215] Building CXX object src/wifi/CMakeFiles/wifi.dir/model/wifi-default-gcr-manager.cc.o
[747/1215] Building CXX object src/wifi/CMakeFiles/wifi.dir/model/wifi-mac-header.cc.o
[748/1215] Building CXX object src/wifi/CMakeFiles/wifi.dir/model/wifi-mac-queue-container.cc.o
[749/1215] Building CXX object src/wifi/CMakeFiles/wifi.dir/model/wifi-mac-queue-elem.cc.o
[750/1215] Building CXX object src/wifi/CMakeFiles/wifi.dir/model/wifi-default-protection-manager.cc.o
[751/1215] Building CXX object src/wifi/CMakeFiles/wifi.dir/model/wifi-mac-queue-scheduler.cc.o
[752/1215] Building CXX object src/wifi/CMakeFiles/wifi.dir/model/wifi-mac-trailer.cc.o
[753/1215] Building CXX object src/wifi/CMakeFiles/wifi.dir/model/wifi-mac-queue.cc.o
[754/1215] Building CXX object src/wifi/CMakeFiles/wifi.dir/model/wifi-mac-queue-scheduler-impl.cc.o
[755/1215] Building CXX object src/wifi/CMakeFiles/wifi.dir/model/wifi-mode.cc.o
[756/1215] Building CXX object src/wifi/CMakeFiles/wifi.dir/model/wifi-mpdu.cc.o
[757/1215] Building CXX object src/wifi/CMakeFiles/wifi.dir/model/wifi-ns3-constants.cc.o
[758/1215] Building CXX object src/wifi/CMakeFiles/wifi.dir/model/wifi-net-device.cc.o
[759/1215] Building CXX object src/wifi/CMakeFiles/wifi.dir/model/wifi-phy-common.cc.o
[760/1215] Building CXX object src/wifi/CMakeFiles/wifi.dir/model/wifi-phy-operating-channel.cc.o
[761/1215] Building CXX object src/wifi/CMakeFiles/wifi.dir/model/wifi-mac.cc.o
[762/1215] Building CXX object src/wifi/CMakeFiles/wifi.dir/model/wifi-ppdu.cc.o
[763/1215] Building CXX object src/wifi/CMakeFiles/wifi.dir/model/wifi-phy-state-helper.cc.o
[764/1215] Building CXX object src/wifi/CMakeFiles/wifi.dir/model/wifi-protection-manager.cc.o
[765/1215] Building CXX object src/wifi/CMakeFiles/wifi.dir/model/wifi-protection.cc.o
[766/1215] Building CXX object src/wifi/CMakeFiles/wifi.dir/model/wifi-phy.cc.o
[767/1215] Building CXX object src/wifi/CMakeFiles/wifi.dir/model/wifi-psdu.cc.o
[768/1215] Building CXX object src/wifi/CMakeFiles/wifi.dir/model/wifi-remote-station-info.cc.o
[769/1215] Building CXX object src/wifi/CMakeFiles/wifi.dir/model/wifi-ru.cc.o
[770/1215] Building CXX object src/wifi/CMakeFiles/wifi.dir/model/wifi-radio-energy-model.cc.o
[771/1215] Building CXX object src/wifi/CMakeFiles/wifi.dir/model/wifi-spectrum-signal-parameters.cc.o
[772/1215] Building CXX object src/wifi/CMakeFiles/wifi.dir/model/wifi-spectrum-phy-interface.cc.o
[773/1215] Building CXX object src/wifi/CMakeFiles/wifi.dir/model/wifi-standards.cc.o
[774/1215] Building CXX object src/wifi/CMakeFiles/wifi.dir/model/wifi-tx-current-model.cc.o
[775/1215] Building CXX object src/wifi/CMakeFiles/wifi.dir/model/wifi-tx-parameters.cc.o
[776/1215] Building CXX object src/wifi/CMakeFiles/wifi.dir/model/wifi-tx-timer.cc.o
[777/1215] Building CXX object src/wifi/CMakeFiles/wifi.dir/model/wifi-remote-station-manager.cc.o
[778/1215] Building CXX object src/wifi/CMakeFiles/wifi.dir/model/wifi-types.cc.o
[779/1215] Building CXX object src/wifi/CMakeFiles/wifi.dir/model/wifi-tx-vector.cc.o
[780/1215] Building CXX object src/wifi/CMakeFiles/wifi.dir/model/yans-error-rate-model.cc.o
[781/1215] Building CXX object src/wifi/CMakeFiles/wifi.dir/model/wifi-utils.cc.o
[782/1215] Building CXX object src/wifi/CMakeFiles/wifi.dir/model/yans-wifi-channel.cc.o
[783/1215] Building CXX object src/wifi/CMakeFiles/wifi.dir/model/yans-wifi-phy.cc.o
[784/1215] Building CXX object src/wifi/CMakeFiles/wifi.dir/model/wifi-spectrum-value-helper.cc.o
[785/1215] Building CXX object src/wifi/CMakeFiles/wifi-test.dir/test/inter-bss-test-suite.cc.o
[786/1215] Building CXX object src/wifi/CMakeFiles/wifi-test.dir/test/channel-access-manager-test.cc.o
[787/1215] Building CXX object src/wifi/CMakeFiles/wifi-test.dir/test/power-rate-adaptation-test.cc.o
[788/1215] Building CXX object src/wifi/CMakeFiles/wifi-test.dir/test/block-ack-test-suite.cc.o
[789/1215] Building CXX object src/wifi/CMakeFiles/wifi-test.dir/test/spectrum-wifi-phy-test.cc.o
[790/1215] Building CXX object src/wifi/CMakeFiles/wifi-test.dir/test/power-save-test.cc.o
[791/1215] Building CXX object src/wifi/CMakeFiles/wifi-test.dir/test/wifi-channel-settings-test.cc.o
[792/1215] Building CXX object src/wifi/CMakeFiles/wifi-test.dir/test/wifi-aggregation-test.cc.o
[793/1215] Building CXX object src/wifi/CMakeFiles/wifi-test.dir/test/wifi-co-trace-helper-test.cc.o
[794/1215] Building CXX object src/wifi/CMakeFiles/wifi-test.dir/test/tx-duration-test.cc.o
[795/1215] Building CXX object src/wifi/CMakeFiles/wifi-test.dir/test/wifi-dynamic-bw-op-test.cc.o
[796/1215] Building CXX object src/wifi/CMakeFiles/wifi-test.dir/test/wifi-eht-info-elems-test.cc.o
[797/1215] Building CXX object src/wifi/CMakeFiles/wifi-test.dir/test/wifi-emlsr-enabling-test.cc.o
[798/1215] Building CXX object src/wifi/CMakeFiles/wifi-test.dir/test/wifi-emlsr-basic-exchanges-test.cc.o
[799/1215] Building CXX object src/wifi/CMakeFiles/wifi-test.dir/test/wifi-error-rate-models-test.cc.o
[800/1215] Building CXX object src/wifi/CMakeFiles/wifi-test.dir/test/wifi-emlsr-test-base.cc.o
[801/1215] Building CXX object src/wifi/CMakeFiles/wifi-test.dir/test/wifi-emlsr-link-switch-test.cc.o
[802/1215] Building CXX object src/wifi/CMakeFiles/wifi-test.dir/test/wifi-he-info-elems-test.cc.o
[803/1215] Building CXX object src/wifi/CMakeFiles/wifi-test.dir/test/wifi-ie-fragment-test.cc.o
[804/1215] Building CXX object src/wifi/CMakeFiles/wifi-test.dir/test/wifi-fils-frame-test.cc.o
[805/1215] Building CXX object src/wifi/CMakeFiles/wifi-test.dir/test/wifi-mac-queue-test.cc.o
[806/1215] Building CXX object src/wifi/CMakeFiles/wifi-test.dir/test/wifi-gcr-test.cc.o
[807/1215] Building CXX object src/wifi/CMakeFiles/wifi-test.dir/test/wifi-mlo-test.cc.o
[808/1215] Building CXX object src/wifi/CMakeFiles/wifi-test.dir/test/wifi-phy-ofdma-test.cc.o
[809/1215] Building CXX object src/wifi/CMakeFiles/wifi-test.dir/test/wifi-phy-reception-test.cc.o
[810/1215] Building CXX object src/wifi/CMakeFiles/wifi-test.dir/test/wifi-mac-ofdma-test.cc.o
[811/1215] Building CXX object src/wifi/CMakeFiles/wifi-test.dir/test/wifi-phy-rx-trace-helper-test.cc.o
[812/1215] Building CXX object src/wifi/CMakeFiles/wifi-test.dir/test/wifi-phy-thresholds-test.cc.o
[813/1215] Building CXX object src/wifi/CMakeFiles/wifi-test.dir/test/wifi-queue-scheduler-test.cc.o
[814/1215] Building CXX object src/wifi/CMakeFiles/wifi-test.dir/test/wifi-probe-exchange-test.cc.o
[815/1215] Building CXX object src/wifi/CMakeFiles/wifi-test.dir/test/wifi-primary-channels-test.cc.o
[816/1215] Building CXX object src/wifi/CMakeFiles/wifi-test.dir/test/wifi-ru-allocation-test.cc.o
[817/1215] Building CXX object src/wifi/CMakeFiles/wifi-test.dir/test/wifi-channel-switching-test.cc.o
[818/1215] Building CXX object src/wifi/CMakeFiles/wifi-test.dir/test/wifi-retransmit-test.cc.o
[819/1215] Building CXX object src/wifi/CMakeFiles/wifi-test.dir/test/wifi-static-emlsr-test.cc.o
[820/1215] Building CXX object src/wifi/CMakeFiles/wifi-test.dir/test/wifi-static-infra-bss-test.cc.o
[821/1215] Building CXX object src/wifi/CMakeFiles/wifi-test.dir/test/wifi-transmit-mask-test.cc.o
[822/1215] Building CXX object src/wifi/CMakeFiles/wifi-test.dir/test/wifi-phy-cca-test.cc.o
[823/1215] Building CXX object src/wifi/CMakeFiles/wifi-test.dir/test/wifi-test.cc.o
[824/1215] Building CXX object src/wifi/CMakeFiles/wifi-test.dir/test/wifi-txop-test.cc.o
[825/1215] Building CXX object src/wifi/CMakeFiles/wifi-test.dir/test/wifi-operating-channel-test.cc.o
[826/1215] Building CXX object src/wifi/CMakeFiles/wifi-test.dir/test/wifi-phy-mu-mimo-test.cc.o
[827/1215] Building CXX object src/wifi/CMakeFiles/wifi-test.dir/test/wifi-non-ht-dup-test.cc.o
[828/1215] Building CXX object src/wifi/CMakeFiles/wifi-test.dir/test/wifi-issue-211-test-suite.cc.o
[829/1215] Building CXX object src/wifi/CMakeFiles/wifi-test.dir/test/wifi-ac-mapping-test-suite.cc.o
[830/1215] Building CXX object src/wifi/CMakeFiles/wifi-test.dir/test/wifi-msdu-aggregator-test-suite.cc.o
[831/1215] Building CXX object src/wifi/examples/CMakeFiles/wifi-phy-test.dir/wifi-phy-test.cc.o
[832/1215] Building CXX object src/wifi/CMakeFiles/wifi-test.dir/test/wifi-mlo-udp-test-suite.cc.o
[833/1215] Building CXX object src/wifi/examples/CMakeFiles/wifi-test-interference-helper.dir/wifi-test-interference-helper.cc.o
[834/1215] Building CXX object src/wifi/CMakeFiles/wifi-test.dir/test/wifi-tx-stats-helper-test.cc.o
[835/1215] Building CXX object src/wifi/examples/CMakeFiles/wifi-trans-example.dir/wifi-trans-example.cc.o
[836/1215] Building CXX object src/wifi/examples/CMakeFiles/wifi-manager-example.dir/wifi-manager-example.cc.o
[837/1215] Building CXX object src/wifi/examples/CMakeFiles/wifi-phy-rx-trace-example.dir/wifi-phy-rx-trace-example.cc.o
[838/1215] Building CXX object src/energy/CMakeFiles/energy.dir/helper/basic-energy-harvester-helper.cc.o
[839/1215] Building CXX object src/wifi/examples/CMakeFiles/wifi-co-trace-example.dir/wifi-co-trace-example.cc.o
[840/1215] Building CXX object src/energy/CMakeFiles/energy.dir/helper/basic-energy-source-helper.cc.o
[841/1215] Building CXX object src/energy/CMakeFiles/energy.dir/helper/energy-harvester-container.cc.o
[842/1215] Building CXX object src/wifi/examples/CMakeFiles/wifi-bianchi.dir/wifi-bianchi.cc.o
[843/1215] Building CXX object src/energy/CMakeFiles/energy.dir/helper/energy-harvester-helper.cc.o
[844/1215] Building CXX object src/energy/CMakeFiles/energy.dir/helper/energy-model-helper.cc.o
[845/1215] Building CXX object src/energy/CMakeFiles/energy.dir/helper/energy-source-container.cc.o
[846/1215] Building CXX object src/energy/CMakeFiles/energy.dir/helper/generic-battery-model-helper.cc.o
[847/1215] Building CXX object src/energy/CMakeFiles/energy.dir/helper/li-ion-energy-source-helper.cc.o
[848/1215] Building CXX object src/energy/CMakeFiles/energy.dir/helper/rv-battery-model-helper.cc.o
[849/1215] Building CXX object src/energy/CMakeFiles/energy.dir/model/device-energy-model-container.cc.o
[850/1215] Building CXX object src/energy/CMakeFiles/energy.dir/model/basic-energy-source.cc.o
[851/1215] Building CXX object src/energy/CMakeFiles/energy.dir/model/basic-energy-harvester.cc.o
[852/1215] Building CXX object src/energy/CMakeFiles/energy.dir/model/device-energy-model.cc.o
[853/1215] Building CXX object src/energy/CMakeFiles/energy.dir/model/energy-harvester.cc.o
[854/1215] Building CXX object src/energy/CMakeFiles/energy.dir/model/energy-source.cc.o
[855/1215] Building CXX object src/energy/CMakeFiles/energy.dir/model/simple-device-energy-model.cc.o
[856/1215] Building CXX object src/energy/CMakeFiles/energy.dir/model/generic-battery-model.cc.o
[857/1215] Building CXX object src/energy/CMakeFiles/energy.dir/model/rv-battery-model.cc.o
[858/1215] Linking CXX shared library /home/user/ns3build/ns-3.48/build/lib/libns3.48-energy-default.so
[859/1215] Building CXX object src/energy/CMakeFiles/energy-test.dir/test/basic-energy-harvester-test.cc.o
[860/1215] Building CXX object src/energy/CMakeFiles/energy-test.dir/test/generic-battery-test.cc.o
[861/1215] Linking CXX shared library /home/user/ns3build/ns-3.48/build/lib/libns3.48-energy-test-default.so
[862/1215] Building CXX object src/energy/examples/CMakeFiles/generic-battery-discharge-example.dir/generic-battery-discharge-example.cc.o
[863/1215] Linking CXX executable /home/user/ns3build/ns-3.48/build/src/energy/examples/ns3.48-generic-battery-discharge-example-default
[864/1215] Building CXX object src/energy/examples/CMakeFiles/rv-battery-model-test.dir/rv-battery-model-test.cc.o
[865/1215] Building CXX object src/energy/examples/CMakeFiles/basic-energy-model-test.dir/basic-energy-model-test.cc.o
[866/1215] Building CXX object src/spectrum/CMakeFiles/spectrum.dir/helper/adhoc-aloha-noack-ideal-phy-helper.cc.o
[867/1215] Building CXX object src/spectrum/CMakeFiles/spectrum.dir/helper/spectrum-helper.cc.o
[868/1215] Building CXX object src/spectrum/CMakeFiles/spectrum.dir/helper/spectrum-analyzer-helper.cc.o
[869/1215] Building CXX object src/spectrum/CMakeFiles/spectrum.dir/helper/tv-spectrum-transmitter-helper.cc.o
[870/1215] Building CXX object src/spectrum/CMakeFiles/spectrum.dir/helper/waveform-generator-helper.cc.o
[871/1215] Building CXX object src/spectrum/CMakeFiles/spectrum.dir/model/aloha-noack-mac-header.cc.o
[872/1215] Building CXX object src/spectrum/CMakeFiles/spectrum.dir/model/constant-spectrum-propagation-loss.cc.o
[873/1215] Building CXX object src/spectrum/CMakeFiles/spectrum.dir/model/friis-spectrum-propagation-loss.cc.o
[874/1215] Building CXX object src/spectrum/CMakeFiles/spectrum.dir/model/aloha-noack-net-device.cc.o
[875/1215] Building CXX object src/spectrum/CMakeFiles/spectrum.dir/model/half-duplex-ideal-phy-signal-parameters.cc.o
[876/1215] Building CXX object src/spectrum/CMakeFiles/spectrum.dir/model/ism-spectrum-value-helper.cc.o
[877/1215] Building CXX object src/spectrum/CMakeFiles/spectrum.dir/model/hexagonal-wraparound-model.cc.o
[878/1215] Building CXX object src/spectrum/CMakeFiles/spectrum.dir/model/matrix-based-channel-model.cc.o
[879/1215] Building CXX object src/spectrum/CMakeFiles/spectrum.dir/model/half-duplex-ideal-phy.cc.o
[880/1215] Building CXX object src/spectrum/CMakeFiles/spectrum.dir/model/microwave-oven-spectrum-value-helper.cc.o
[881/1215] Building CXX object src/spectrum/CMakeFiles/spectrum.dir/model/phased-array-spectrum-propagation-loss-model.cc.o
[882/1215] Building CXX object src/spectrum/CMakeFiles/spectrum.dir/model/non-communicating-net-device.cc.o
[883/1215] Building CXX object src/spectrum/CMakeFiles/spectrum.dir/model/multi-model-spectrum-channel.cc.o
[884/1215] Building CXX object src/spectrum/CMakeFiles/spectrum.dir/model/single-model-spectrum-channel.cc.o
[885/1215] Building CXX object src/spectrum/CMakeFiles/spectrum.dir/model/spectrum-analyzer.cc.o
[886/1215] Building CXX object src/spectrum/CMakeFiles/spectrum.dir/model/spectrum-converter.cc.o
[887/1215] Building CXX object src/spectrum/CMakeFiles/spectrum.dir/model/spectrum-error-model.cc.o
[888/1215] Building CXX object src/spectrum/CMakeFiles/spectrum.dir/model/spectrum-interference.cc.o
[889/1215] Building CXX object src/spectrum/CMakeFiles/spectrum.dir/model/spectrum-channel.cc.o
[890/1215] Building CXX object src/spectrum/CMakeFiles/spectrum.dir/model/spectrum-model-300kHz-300GHz-log.cc.o
[891/1215] Building CXX object src/spectrum/CMakeFiles/spectrum.dir/model/spectrum-model-ism2400MHz-res1MHz.cc.o
[892/1215] Building CXX object src/spectrum/CMakeFiles/spectrum.dir/model/spectrum-model.cc.o
[893/1215] Building CXX object src/spectrum/CMakeFiles/spectrum.dir/model/spectrum-phy.cc.o
[894/1215] Building CXX object src/spectrum/CMakeFiles/spectrum.dir/model/spectrum-propagation-loss-model.cc.o
[895/1215] Building CXX object src/spectrum/CMakeFiles/spectrum.dir/model/spectrum-transmit-filter.cc.o
[896/1215] Building CXX object src/spectrum/CMakeFiles/spectrum.dir/model/spectrum-signal-parameters.cc.o
[897/1215] Building CXX object src/spectrum/CMakeFiles/spectrum.dir/model/spectrum-value.cc.o
[898/1215] Building CXX object src/spectrum/CMakeFiles/spectrum.dir/model/three-gpp-spectrum-propagation-loss-model.cc.o
[899/1215] Building CXX object src/spectrum/CMakeFiles/spectrum.dir/model/trace-fading-loss-model.cc.o
[900/1215] Building CXX object src/spectrum/CMakeFiles/spectrum.dir/model/tv-spectrum-transmitter.cc.o
[901/1215] Building CXX object src/spectrum/CMakeFiles/spectrum.dir/model/two-ray-spectrum-propagation-loss-model.cc.o
[902/1215] Building CXX object src/spectrum/CMakeFiles/spectrum.dir/model/wraparound-model.cc.o
[903/1215] Building CXX object src/spectrum/CMakeFiles/spectrum.dir/model/waveform-generator.cc.o
[904/1215] Building CXX object src/spectrum/CMakeFiles/spectrum.dir/model/three-gpp-channel-model.cc.o
[905/1215] Building CXX object src/spectrum/CMakeFiles/spectrum-test.dir/test/spectrum-ideal-phy-test.cc.o
[906/1215] Building CXX object src/spectrum/CMakeFiles/spectrum-test.dir/test/spectrum-interference-test.cc.o
[907/1215] Building CXX object src/spectrum/CMakeFiles/spectrum-test.dir/test/spectrum-value-test.cc.o
[908/1215] Building CXX object src/spectrum/CMakeFiles/spectrum-test.dir/test/tv-helper-distribution-test.cc.o
[909/1215] Building CXX object src/spectrum/CMakeFiles/spectrum-test.dir/test/spectrum-waveform-generator-test.cc.o
[910/1215] Building CXX object src/spectrum/CMakeFiles/spectrum-test.dir/test/tv-spectrum-transmitter-test.cc.o
[911/1215] Building CXX object src/spectrum/CMakeFiles/spectrum-test.dir/test/three-gpp-channel-test-suite.cc.o
[912/1215] Building CXX object src/spectrum/CMakeFiles/spectrum-test.dir/test/two-ray-splm-test-suite.cc.o
[913/1215] Building CXX object src/spectrum/CMakeFiles/spectrum-test.dir/test/wraparound-model-test.cc.o
[914/1215] Building CXX object src/spectrum/examples/CMakeFiles/adhoc-aloha-ideal-phy.dir/adhoc-aloha-ideal-phy.cc.o
[915/1215] Building CXX object src/spectrum/examples/CMakeFiles/adhoc-aloha-ideal-phy-matrix-propagation-loss-model.dir/adhoc-aloha-ideal-phy-matrix-propagation-loss-model.cc.o
[916/1215] Building CXX object src/spectrum/examples/CMakeFiles/adhoc-aloha-ideal-phy-with-microwave-oven.dir/adhoc-aloha-ideal-phy-with-microwave-oven.cc.o
[917/1215] Building CXX object src/spectrum/examples/CMakeFiles/tv-trans-example.dir/tv-trans-example.cc.o
[918/1215] Building CXX object src/spectrum/examples/CMakeFiles/tv-trans-regional-example.dir/tv-trans-regional-example.cc.o
[919/1215] Building CXX object src/spectrum/examples/CMakeFiles/three-gpp-ntn-channel-example.dir/three-gpp-ntn-channel-example.cc.o
[920/1215] Building CXX object src/propagation/CMakeFiles/propagation.dir/model/channel-condition-model.cc.o
[921/1215] Building CXX object src/spectrum/examples/CMakeFiles/three-gpp-channel-consistency-example.dir/three-gpp-channel-consistency-example.cc.o
[922/1215] Building CXX object src/propagation/CMakeFiles/propagation.dir/model/cost231-propagation-loss-model.cc.o
[923/1215] Building CXX object src/propagation/CMakeFiles/propagation.dir/model/itu-r-1411-los-propagation-loss-model.cc.o
[924/1215] Building CXX object src/propagation/CMakeFiles/propagation.dir/model/jakes-process.cc.o
[925/1215] Building CXX object src/propagation/CMakeFiles/propagation.dir/model/itu-r-1411-nlos-over-rooftop-propagation-loss-model.cc.o
[926/1215] Building CXX object src/propagation/CMakeFiles/propagation.dir/model/jakes-propagation-loss-model.cc.o
[927/1215] Building CXX object src/propagation/CMakeFiles/propagation.dir/model/kun-2600-mhz-propagation-loss-model.cc.o
[928/1215] Building CXX object src/propagation/CMakeFiles/propagation.dir/model/okumura-hata-propagation-loss-model.cc.o
[929/1215] Building CXX object src/propagation/CMakeFiles/propagation.dir/model/probabilistic-v2v-channel-condition-model.cc.o
[930/1215] Building CXX object src/propagation/CMakeFiles/propagation.dir/model/propagation-delay-model.cc.o
[931/1215] Building CXX object src/propagation/CMakeFiles/propagation.dir/model/three-gpp-v2v-propagation-loss-model.cc.o
[932/1215] Building CXX object src/propagation/CMakeFiles/propagation.dir/model/propagation-loss-model.cc.o
[933/1215] Building CXX object src/propagation/CMakeFiles/propagation-test.dir/test/channel-condition-model-test-suite.cc.o
[934/1215] Building CXX object src/propagation/CMakeFiles/propagation-test.dir/test/itu-r-1411-los-test-suite.cc.o
[935/1215] Building CXX object src/propagation/CMakeFiles/propagation-test.dir/test/itu-r-1411-nlos-over-rooftop-test-suite.cc.o
[936/1215] Building CXX object src/propagation/CMakeFiles/propagation-test.dir/test/kun-2600-mhz-test-suite.cc.o
[937/1215] Building CXX object src/propagation/CMakeFiles/propagation.dir/model/three-gpp-propagation-loss-model.cc.o
[938/1215] Building CXX object src/propagation/CMakeFiles/propagation-test.dir/test/okumura-hata-test-suite.cc.o
[939/1215] Building CXX object src/propagation/CMakeFiles/propagation-test.dir/test/propagation-loss-model-test-suite.cc.o
[940/1215] Building CXX object src/propagation/CMakeFiles/propagation-test.dir/test/probabilistic-v2v-channel-condition-model-test.cc.o
[941/1215] Building CXX object src/propagation/CMakeFiles/propagation-test.dir/test/three-gpp-ntn-propagation-loss-model-test-suite.cc.o
[942/1215] Building CXX object src/propagation/CMakeFiles/propagation-test.dir/test/three-gpp-propagation-loss-model-test-suite.cc.o
[943/1215] Building CXX object src/propagation/examples/CMakeFiles/jakes-propagation-model-example.dir/jakes-propagation-model-example.cc.o
[944/1215] Building CXX object src/mobility/CMakeFiles/mobility.dir/helper/leo-orbit-node-helper.cc.o
[945/1215] Building CXX object src/mobility/CMakeFiles/mobility.dir/helper/group-mobility-helper.cc.o
[946/1215] Building CXX object src/mobility/CMakeFiles/mobility.dir/model/box.cc.o
[947/1215] Building CXX object src/mobility/CMakeFiles/mobility.dir/helper/mobility-helper.cc.o
[948/1215] Building CXX object src/mobility/CMakeFiles/mobility.dir/helper/ns2-mobility-helper.cc.o
[949/1215] Building CXX object src/mobility/CMakeFiles/mobility.dir/model/constant-acceleration-mobility-model.cc.o
[950/1215] Building CXX object src/mobility/CMakeFiles/mobility.dir/model/constant-position-mobility-model.cc.o
[951/1215] Building CXX object src/mobility/CMakeFiles/mobility.dir/model/constant-velocity-mobility-model.cc.o
[952/1215] Building CXX object src/mobility/CMakeFiles/mobility.dir/model/constant-velocity-helper.cc.o
[953/1215] Building CXX object src/mobility/CMakeFiles/mobility.dir/model/gauss-markov-mobility-model.cc.o
[954/1215] Building CXX object src/mobility/CMakeFiles/mobility.dir/model/geocentric-ecef-mobility-model.cc.o
[955/1215] Building CXX object src/mobility/CMakeFiles/mobility.dir/model/geocentric-constant-position-mobility-model.cc.o
[956/1215] Building CXX object src/mobility/CMakeFiles/mobility.dir/model/geographic-positions.cc.o
[957/1215] Building CXX object src/mobility/CMakeFiles/mobility.dir/model/leo-circular-orbit-mobility-model.cc.o
[958/1215] Building CXX object src/mobility/CMakeFiles/mobility.dir/model/hierarchical-mobility-model.cc.o
[959/1215] Building CXX object src/mobility/CMakeFiles/mobility.dir/model/leo-circular-orbit-position-allocator.cc.o
[960/1215] Building CXX object src/mobility/CMakeFiles/mobility.dir/model/leo-orbital-shell.cc.o
[961/1215] Building CXX object src/mobility/CMakeFiles/mobility.dir/model/mobility-model.cc.o
[962/1215] Building CXX object src/mobility/CMakeFiles/mobility.dir/model/random-direction-2d-mobility-model.cc.o
[963/1215] Building CXX object src/mobility/CMakeFiles/mobility.dir/model/position-allocator.cc.o
[964/1215] Building CXX object src/mobility/CMakeFiles/mobility.dir/model/rectangle.cc.o
[965/1215] Building CXX object src/mobility/CMakeFiles/mobility.dir/model/random-waypoint-mobility-model.cc.o
[966/1215] Building CXX object src/mobility/CMakeFiles/mobility.dir/model/random-walk-2d-mobility-model.cc.o
[967/1215] Building CXX object src/mobility/CMakeFiles/mobility.dir/model/waypoint.cc.o
[968/1215] Building CXX object src/mobility/CMakeFiles/mobility.dir/model/waypoint-mobility-model.cc.o
[969/1215] Building CXX object src/mobility/CMakeFiles/mobility.dir/model/steady-state-random-waypoint-mobility-model.cc.o
[970/1215] Building CXX object src/mobility/CMakeFiles/mobility-test.dir/test/box-line-intersection-test.cc.o
[971/1215] Building CXX object src/mobility/CMakeFiles/mobility-test.dir/test/geo-to-cartesian-test.cc.o
[972/1215] Building CXX object src/mobility/CMakeFiles/mobility-test.dir/test/geocentric-topocentric-conversion-test.cc.o
[973/1215] Building CXX object src/mobility/CMakeFiles/mobility-test.dir/test/leo-mobility-test-suite.cc.o
[974/1215] Building CXX object src/mobility/CMakeFiles/mobility-test.dir/test/mobility-test-suite.cc.o
[975/1215] Building CXX object src/mobility/CMakeFiles/mobility-test.dir/test/mobility-trace-test-suite.cc.o
[976/1215] Building CXX object src/mobility/CMakeFiles/mobility-test.dir/test/rand-cart-around-geo-test.cc.o
[977/1215] Building CXX object src/mobility/CMakeFiles/mobility-test.dir/test/ns2-mobility-helper-test-suite.cc.o
[978/1215] Building CXX object src/mobility/CMakeFiles/mobility-test.dir/test/rectangle-closest-border-test.cc.o
[979/1215] Building CXX object src/mobility/CMakeFiles/mobility-test.dir/test/steady-state-random-waypoint-mobility-model-test.cc.o
[980/1215] Building CXX object src/mobility/examples/CMakeFiles/bonnmotion-ns2-example.dir/bonnmotion-ns2-example.cc.o
[981/1215] Building CXX object src/mobility/CMakeFiles/mobility-test.dir/test/waypoint-mobility-model-test.cc.o
[982/1215] Building CXX object src/mobility/examples/CMakeFiles/constant-mobility-example.dir/constant-mobility-example.cc.o
[983/1215] Building CXX object src/mobility/examples/CMakeFiles/main-random-topology.dir/main-random-topology.cc.o
[984/1215] Building CXX object src/mobility/examples/CMakeFiles/main-random-walk.dir/main-random-walk.cc.o
[985/1215] Building CXX object src/mobility/examples/CMakeFiles/ns2-mobility-trace.dir/ns2-mobility-trace.cc.o
[986/1215] Building CXX object src/mobility/examples/CMakeFiles/main-grid-topology.dir/main-grid-topology.cc.o
[987/1215] Building CXX object src/mobility/examples/CMakeFiles/mobility-trace-example.dir/mobility-trace-example.cc.o
[988/1215] Building CXX object src/antenna/CMakeFiles/antenna.dir/model/circular-aperture-antenna-model.cc.o
[989/1215] Building CXX object src/mobility/examples/CMakeFiles/reference-point-group-mobility-example.dir/reference-point-group-mobility-example.cc.o
[990/1215] Building CXX object src/antenna/CMakeFiles/antenna.dir/model/angles.cc.o
[991/1215] Building CXX object src/antenna/CMakeFiles/antenna.dir/model/antenna-model.cc.o
[992/1215] Building CXX object src/antenna/CMakeFiles/antenna.dir/model/isotropic-antenna-model.cc.o
[993/1215] Building CXX object src/antenna/CMakeFiles/antenna.dir/model/cosine-antenna-model.cc.o
[994/1215] Building CXX object src/mobility/examples/CMakeFiles/leo-satellite-example.dir/leo-satellite-example.cc.o
[995/1215] Building CXX object src/antenna/CMakeFiles/antenna.dir/model/parabolic-antenna-model.cc.o
[996/1215] Building CXX object src/antenna/CMakeFiles/antenna.dir/model/three-gpp-antenna-model.cc.o
[997/1215] Building CXX object src/antenna/CMakeFiles/antenna.dir/model/phased-array-model.cc.o
[998/1215] Building CXX object src/antenna/CMakeFiles/antenna.dir/model/uniform-planar-array.cc.o
[999/1215] Linking CXX shared library /home/user/ns3build/ns-3.48/build/lib/libns3.48-antenna-default.so
[1000/1215] Linking CXX shared library /home/user/ns3build/ns-3.48/build/lib/libns3.48-mobility-default.so
[1001/1215] Linking CXX shared library /home/user/ns3build/ns-3.48/build/lib/libns3.48-propagation-default.so
[1002/1215] Linking CXX shared library /home/user/ns3build/ns-3.48/build/lib/libns3.48-propagation-test-default.so
[1003/1215] Linking CXX shared library /home/user/ns3build/ns-3.48/build/lib/libns3.48-mobility-test-default.so
[1004/1215] Linking CXX executable /home/user/ns3build/ns-3.48/build/src/mobility/examples/ns3.48-bonnmotion-ns2-example-default
[1005/1215] Linking CXX executable /home/user/ns3build/ns-3.48/build/src/mobility/examples/ns3.48-constant-mobility-example-default
[1006/1215] Linking CXX executable /home/user/ns3build/ns-3.48/build/src/mobility/examples/ns3.48-main-random-topology-default
[1007/1215] Linking CXX executable /home/user/ns3build/ns-3.48/build/src/mobility/examples/ns3.48-main-random-walk-default
[1008/1215] Building CXX object src/antenna/CMakeFiles/antenna-test.dir/test/test-circular-aperture-antenna.cc.o
[1009/1215] Linking CXX executable /home/user/ns3build/ns-3.48/build/src/mobility/examples/ns3.48-ns2-mobility-trace-default
[1010/1215] Linking CXX executable /home/user/ns3build/ns-3.48/build/src/mobility/examples/ns3.48-main-grid-topology-default
[1011/1215] Linking CXX executable /home/user/ns3build/ns-3.48/build/src/mobility/examples/ns3.48-mobility-trace-example-default
[1012/1215] Linking CXX executable /home/user/ns3build/ns-3.48/build/src/mobility/examples/ns3.48-reference-point-group-mobility-example-default
[1013/1215] Building CXX object src/antenna/CMakeFiles/antenna-test.dir/test/test-angles.cc.o
[1014/1215] Linking CXX executable /home/user/ns3build/ns-3.48/build/src/mobility/examples/ns3.48-leo-satellite-example-default
[1015/1215] Building CXX object src/antenna/CMakeFiles/antenna-test.dir/test/test-degrees-radians.cc.o
[1016/1215] Building CXX object src/antenna/CMakeFiles/antenna-test.dir/test/test-isotropic-antenna.cc.o
[1017/1215] Building CXX object src/antenna/CMakeFiles/antenna-test.dir/test/test-cosine-antenna.cc.o
[1018/1215] Building CXX object src/antenna/CMakeFiles/antenna-test.dir/test/test-parabolic-antenna.cc.o
[1019/1215] Building CXX object src/antenna/CMakeFiles/antenna-test.dir/test/test-adjacency-matrix.cc.o
[1020/1215] Building CXX object src/antenna/CMakeFiles/antenna-test.dir/test/test-uniform-planar-array.cc.o
[1021/1215] Linking CXX shared library /home/user/ns3build/ns-3.48/build/lib/libns3.48-antenna-test-default.so
[1022/1215] Building CXX object src/antenna/examples/CMakeFiles/adjacency-matrix-example.dir/adjacency-matrix-example.cc.o
[1023/1215] Linking CXX executable /home/user/ns3build/ns-3.48/build/src/antenna/examples/ns3.48-adjacency-matrix-example-default
[1024/1215] Building CXX object src/buildings/CMakeFiles/buildings.dir/helper/building-container.cc.o
[1025/1215] Building CXX object src/buildings/CMakeFiles/buildings.dir/helper/building-allocator.cc.o
[1026/1215] Building CXX object src/buildings/CMakeFiles/buildings.dir/helper/buildings-helper.cc.o
[1027/1215] Building CXX object src/buildings/CMakeFiles/buildings.dir/model/building-list.cc.o
[1028/1215] Building CXX object src/buildings/CMakeFiles/buildings.dir/helper/building-position-allocator.cc.o
[1029/1215] Building CXX object src/buildings/CMakeFiles/buildings.dir/model/buildings-channel-condition-model.cc.o
[1030/1215] Building CXX object src/buildings/CMakeFiles/buildings.dir/model/building.cc.o
[1031/1215] Building CXX object src/buildings/CMakeFiles/buildings.dir/model/buildings-propagation-loss-model.cc.o
[1032/1215] Building CXX object src/buildings/CMakeFiles/buildings.dir/model/itu-r-1238-propagation-loss-model.cc.o
[1033/1215] Building CXX object src/buildings/CMakeFiles/buildings.dir/model/mobility-building-info.cc.o
[1034/1215] Building CXX object src/buildings/CMakeFiles/buildings.dir/model/hybrid-buildings-propagation-loss-model.cc.o
[1035/1215] Building CXX object src/buildings/CMakeFiles/buildings.dir/model/oh-buildings-propagation-loss-model.cc.o
[1036/1215] Building CXX object src/buildings/CMakeFiles/buildings.dir/model/three-gpp-v2v-channel-condition-model.cc.o
[1037/1215] Building CXX object src/buildings/CMakeFiles/buildings-test.dir/test/buildings-channel-condition-model-test.cc.o
[1038/1215] Building CXX object src/buildings/CMakeFiles/buildings.dir/model/random-walk-2d-outdoor-mobility-model.cc.o
[1039/1215] Linking CXX shared library /home/user/ns3build/ns-3.48/build/lib/libns3.48-buildings-default.so
[1040/1215] Linking CXX shared library /home/user/ns3build/ns-3.48/build/lib/libns3.48-spectrum-default.so
[1041/1215] Building CXX object src/buildings/CMakeFiles/buildings-test.dir/test/buildings-helper-test.cc.o
[1042/1215] Linking CXX shared library /home/user/ns3build/ns-3.48/build/lib/libns3.48-spectrum-test-default.so
[1043/1215] Linking CXX executable /home/user/ns3build/ns-3.48/build/src/spectrum/examples/ns3.48-adhoc-aloha-ideal-phy-default
[1044/1215] Linking CXX executable /home/user/ns3build/ns-3.48/build/src/spectrum/examples/ns3.48-adhoc-aloha-ideal-phy-matrix-propagation-loss-model-default
[1045/1215] Linking CXX executable /home/user/ns3build/ns-3.48/build/src/spectrum/examples/ns3.48-adhoc-aloha-ideal-phy-with-microwave-oven-default
[1046/1215] Linking CXX executable /home/user/ns3build/ns-3.48/build/src/spectrum/examples/ns3.48-tv-trans-example-default
[1047/1215] Linking CXX shared library /home/user/ns3build/ns-3.48/build/lib/libns3.48-wifi-default.so
[1048/1215] Linking CXX executable /home/user/ns3build/ns-3.48/build/src/spectrum/examples/ns3.48-tv-trans-regional-example-default
[1049/1215] Linking CXX shared library /home/user/ns3build/ns-3.48/build/lib/libns3.48-aodv-default.so
[1050/1215] Linking CXX executable /home/user/ns3build/ns-3.48/build/src/applications/examples/ns3.48-tgax-video-example-default
[1051/1215] Linking CXX executable /home/user/ns3build/ns-3.48/build/src/aodv/examples/ns3.48-aodv-example-default
[1052/1215] Linking CXX shared library /home/user/ns3build/ns-3.48/build/lib/libns3.48-aodv-test-default.so
[1053/1215] Linking CXX executable /home/user/ns3build/ns-3.48/build/src/applications/examples/ns3.48-tgax-voip-example-default
[1054/1215] Linking CXX executable /home/user/ns3build/ns-3.48/build/src/applications/examples/ns3.48-tgax-virtual-desktop-example-default
[1055/1215] Linking CXX executable /home/user/ns3build/ns-3.48/build/src/applications/examples/ns3.48-rta-tig-mobile-gaming-example-default
[1056/1215] Linking CXX executable /home/user/ns3build/ns-3.48/build/src/internet-apps/examples/ns3.48-traceroute-example-default
[1057/1215] Linking CXX executable /home/user/ns3build/ns-3.48/build/src/wifi/examples/ns3.48-wifi-phy-test-default
[1058/1215] Linking CXX executable /home/user/ns3build/ns-3.48/build/src/wifi/examples/ns3.48-wifi-test-interference-helper-default
[1059/1215] Linking CXX executable /home/user/ns3build/ns-3.48/build/src/wifi/examples/ns3.48-wifi-manager-example-default
[1060/1215] Linking CXX executable /home/user/ns3build/ns-3.48/build/src/wifi/examples/ns3.48-wifi-trans-example-default
[1061/1215] Linking CXX shared library /home/user/ns3build/ns-3.48/build/lib/libns3.48-wifi-test-default.so
[1062/1215] Linking CXX executable /home/user/ns3build/ns-3.48/build/src/wifi/examples/ns3.48-wifi-bianchi-default
[1063/1215] Linking CXX executable /home/user/ns3build/ns-3.48/build/src/wifi/examples/ns3.48-wifi-phy-rx-trace-example-default
[1064/1215] Linking CXX executable /home/user/ns3build/ns-3.48/build/src/wifi/examples/ns3.48-wifi-co-trace-example-default
[1065/1215] Linking CXX executable /home/user/ns3build/ns-3.48/build/src/energy/examples/ns3.48-rv-battery-model-test-default
[1066/1215] Linking CXX executable /home/user/ns3build/ns-3.48/build/src/energy/examples/ns3.48-basic-energy-model-test-default
[1067/1215] Linking CXX executable /home/user/ns3build/ns-3.48/build/src/spectrum/examples/ns3.48-three-gpp-ntn-channel-example-default
[1068/1215] Linking CXX executable /home/user/ns3build/ns-3.48/build/src/spectrum/examples/ns3.48-three-gpp-channel-consistency-example-default
[1069/1215] Linking CXX executable /home/user/ns3build/ns-3.48/build/src/propagation/examples/ns3.48-jakes-propagation-model-example-default
[1070/1215] Building CXX object src/buildings/CMakeFiles/buildings-test.dir/test/buildings-pathloss-test.cc.o
[1071/1215] Building CXX object src/buildings/CMakeFiles/buildings-test.dir/test/buildings-shadowing-test.cc.o
[1072/1215] Building CXX object src/buildings/CMakeFiles/buildings-test.dir/test/buildings-penetration-loss-pathloss-test.cc.o
[1073/1215] Building CXX object src/buildings/CMakeFiles/buildings-test.dir/test/building-position-allocator-test.cc.o
[1074/1215] Building CXX object src/buildings/CMakeFiles/buildings-test.dir/test/outdoor-random-walk-test.cc.o
[1075/1215] Building CXX object src/buildings/CMakeFiles/buildings-test.dir/test/three-gpp-v2v-channel-condition-model-test.cc.o
[1076/1215] Linking CXX shared library /home/user/ns3build/ns-3.48/build/lib/libns3.48-buildings-test-default.so
[1077/1215] Building CXX object src/buildings/examples/CMakeFiles/outdoor-group-mobility-example.dir/outdoor-group-mobility-example.cc.o
[1078/1215] Linking CXX executable /home/user/ns3build/ns-3.48/build/src/buildings/examples/ns3.48-outdoor-group-mobility-example-default
[1079/1215] Building CXX object src/buildings/examples/CMakeFiles/outdoor-random-walk-example.dir/outdoor-random-walk-example.cc.o
[1080/1215] Linking CXX executable /home/user/ns3build/ns-3.48/build/src/buildings/examples/ns3.48-outdoor-random-walk-example-default
[1081/1215] Building CXX object examples/ipv6/CMakeFiles/test-ipv6.dir/test-ipv6.cc.o
[1082/1215] Linking CXX executable /home/user/ns3build/ns-3.48/build/examples/ipv6/ns3.48-test-ipv6-default
[1083/1215] Building CXX object examples/channel-models/CMakeFiles/three-gpp-v2v-channel-example.dir/three-gpp-v2v-channel-example.cc.o
[1084/1215] Linking CXX executable /home/user/ns3build/ns-3.48/build/examples/channel-models/ns3.48-three-gpp-v2v-channel-example-default
[1085/1215] Building CXX object examples/error-model/CMakeFiles/simple-error-model.dir/simple-error-model.cc.o
[1086/1215] Linking CXX executable /home/user/ns3build/ns-3.48/build/examples/error-model/ns3.48-simple-error-model-default
[1087/1215] Building CXX object examples/routing/CMakeFiles/simple-alternate-routing.dir/simple-alternate-routing.cc.o
[1088/1215] Linking CXX executable /home/user/ns3build/ns-3.48/build/examples/routing/ns3.48-simple-alternate-routing-default
[1089/1215] Building CXX object examples/routing/CMakeFiles/simple-multicast-flooding.dir/simple-multicast-flooding.cc.o
[1090/1215] Linking CXX executable /home/user/ns3build/ns-3.48/build/examples/routing/ns3.48-simple-multicast-flooding-default
[1091/1215] Building CXX object examples/tcp/CMakeFiles/tcp-large-transfer.dir/tcp-large-transfer.cc.o
[1092/1215] Linking CXX executable /home/user/ns3build/ns-3.48/build/examples/tcp/ns3.48-tcp-large-transfer-default
[1093/1215] Building CXX object examples/stats/CMakeFiles/wifi-example-sim.dir/wifi-example-apps.cc.o
[1094/1215] Building CXX object examples/stats/CMakeFiles/wifi-example-sim.dir/wifi-example-sim.cc.o
[1095/1215] Linking CXX executable /home/user/ns3build/ns-3.48/build/examples/stats/ns3.48-wifi-example-sim-default
[1096/1215] Building CXX object examples/tcp/CMakeFiles/tcp-star-server.dir/tcp-star-server.cc.o
[1097/1215] Linking CXX executable /home/user/ns3build/ns-3.48/build/examples/tcp/ns3.48-tcp-star-server-default
[1098/1215] Building CXX object examples/tcp/CMakeFiles/tcp-bulk-send.dir/tcp-bulk-send.cc.o
[1099/1215] Linking CXX executable /home/user/ns3build/ns-3.48/build/examples/tcp/ns3.48-tcp-bulk-send-default
[1100/1215] Building CXX object examples/tcp/CMakeFiles/tcp-pcap-nanosec-example.dir/tcp-pcap-nanosec-example.cc.o
[1101/1215] Linking CXX executable /home/user/ns3build/ns-3.48/build/examples/tcp/ns3.48-tcp-pcap-nanosec-example-default
[1102/1215] Building CXX object examples/tcp/CMakeFiles/tcp-linux-reno.dir/tcp-linux-reno.cc.o
[1103/1215] Linking CXX executable /home/user/ns3build/ns-3.48/build/examples/tcp/ns3.48-tcp-linux-reno-default
[1104/1215] Building CXX object examples/tcp/CMakeFiles/dctcp-example.dir/dctcp-example.cc.o
[1105/1215] Linking CXX executable /home/user/ns3build/ns-3.48/build/examples/tcp/ns3.48-dctcp-example-default
[1106/1215] Building CXX object examples/traffic-control/CMakeFiles/tbf-example.dir/tbf-example.cc.o
[1107/1215] Building CXX object examples/tcp/CMakeFiles/tcp-validation.dir/tcp-validation.cc.o
[1108/1215] Linking CXX executable /home/user/ns3build/ns-3.48/build/examples/traffic-control/ns3.48-tbf-example-default
[1109/1215] Linking CXX executable /home/user/ns3build/ns-3.48/build/examples/tcp/ns3.48-tcp-validation-default
[1110/1215] Building CXX object examples/tutorial/CMakeFiles/hello-simulator.dir/hello-simulator.cc.o
[1111/1215] Linking CXX executable /home/user/ns3build/ns-3.48/build/examples/tutorial/ns3.48-hello-simulator-default
[1112/1215] Building CXX object examples/traffic-control/CMakeFiles/cobalt-vs-codel.dir/cobalt-vs-codel.cc.o
[1113/1215] Linking CXX executable /home/user/ns3build/ns-3.48/build/examples/traffic-control/ns3.48-cobalt-vs-codel-default
[1114/1215] Building CXX object examples/tutorial/CMakeFiles/fourth.dir/fourth.cc.o
[1115/1215] Linking CXX executable /home/user/ns3build/ns-3.48/build/examples/tutorial/ns3.48-fourth-default
[1116/1215] Building CXX object examples/tutorial/CMakeFiles/first.dir/first.cc.o
[1117/1215] Linking CXX executable /home/user/ns3build/ns-3.48/build/examples/tutorial/ns3.48-first-default
[1118/1215] Building CXX object examples/tutorial/CMakeFiles/fifth.dir/tutorial-app.cc.o
[1119/1215] Building CXX object examples/tutorial/CMakeFiles/fifth.dir/fifth.cc.o
[1120/1215] Linking CXX executable /home/user/ns3build/ns-3.48/build/examples/tutorial/ns3.48-fifth-default
[1121/1215] Building CXX object examples/tutorial/CMakeFiles/sixth.dir/sixth.cc.o
[1122/1215] Building CXX object examples/tutorial/CMakeFiles/sixth.dir/tutorial-app.cc.o
[1123/1215] Linking CXX executable /home/user/ns3build/ns-3.48/build/examples/tutorial/ns3.48-sixth-default
[1124/1215] Building CXX object examples/tutorial/CMakeFiles/seventh.dir/tutorial-app.cc.o
[1125/1215] Building CXX object examples/tutorial/CMakeFiles/seventh.dir/seventh.cc.o
[1126/1215] Linking CXX executable /home/user/ns3build/ns-3.48/build/examples/tutorial/ns3.48-seventh-default
[1127/1215] Building CXX object examples/wireless/CMakeFiles/wifi-80211n-mimo.dir/wifi-80211n-mimo.cc.o
[1128/1215] Linking CXX executable /home/user/ns3build/ns-3.48/build/examples/wireless/ns3.48-wifi-80211n-mimo-default
[1129/1215] Building CXX object examples/wireless/CMakeFiles/wifi-80211e-txop.dir/wifi-80211e-txop.cc.o
[1130/1215] Linking CXX executable /home/user/ns3build/ns-3.48/build/examples/wireless/ns3.48-wifi-80211e-txop-default
[1131/1215] Building CXX object examples/wireless/CMakeFiles/wifi-adhoc.dir/wifi-adhoc.cc.o
[1132/1215] Linking CXX executable /home/user/ns3build/ns-3.48/build/examples/wireless/ns3.48-wifi-adhoc-default
[1133/1215] Building CXX object examples/wireless/CMakeFiles/wifi-ap.dir/wifi-ap.cc.o
[1134/1215] Linking CXX executable /home/user/ns3build/ns-3.48/build/examples/wireless/ns3.48-wifi-ap-default
[1135/1215] Building CXX object examples/wireless/CMakeFiles/wifi-aggregation.dir/wifi-aggregation.cc.o
[1136/1215] Linking CXX executable /home/user/ns3build/ns-3.48/build/examples/wireless/ns3.48-wifi-aggregation-default
[1137/1215] Building CXX object examples/wireless/CMakeFiles/wifi-backward-compatibility.dir/wifi-backward-compatibility.cc.o
[1138/1215] Linking CXX executable /home/user/ns3build/ns-3.48/build/examples/wireless/ns3.48-wifi-backward-compatibility-default
[1139/1215] Building CXX object examples/wireless/CMakeFiles/wifi-dsss-validation.dir/wifi-dsss-validation.cc.o
[1140/1215] Linking CXX executable /home/user/ns3build/ns-3.48/build/examples/wireless/ns3.48-wifi-dsss-validation-default
[1141/1215] Building CXX object examples/wireless/CMakeFiles/wifi-blockack.dir/wifi-blockack.cc.o
[1142/1215] Linking CXX executable /home/user/ns3build/ns-3.48/build/examples/wireless/ns3.48-wifi-blockack-default
[1143/1215] Building CXX object examples/wireless/CMakeFiles/wifi-clear-channel-cmu.dir/wifi-clear-channel-cmu.cc.o
[1144/1215] Linking CXX executable /home/user/ns3build/ns-3.48/build/examples/wireless/ns3.48-wifi-clear-channel-cmu-default
[1145/1215] Building CXX object examples/wireless/CMakeFiles/wifi-he-network.dir/wifi-he-network.cc.o
[1146/1215] Linking CXX executable /home/user/ns3build/ns-3.48/build/examples/wireless/ns3.48-wifi-he-network-default
[1147/1215] Building CXX object examples/wireless/CMakeFiles/wifi-ht-network.dir/wifi-ht-network.cc.o
[1148/1215] Linking CXX executable /home/user/ns3build/ns-3.48/build/examples/wireless/ns3.48-wifi-ht-network-default
[1149/1215] Building CXX object examples/wireless/CMakeFiles/wifi-mixed-network.dir/wifi-mixed-network.cc.o
[1150/1215] Linking CXX executable /home/user/ns3build/ns-3.48/build/examples/wireless/ns3.48-wifi-mixed-network-default
[1151/1215] Building CXX object examples/wireless/CMakeFiles/wifi-ofdm-he-validation.dir/wifi-ofdm-he-validation.cc.o
[1152/1215] Linking CXX executable /home/user/ns3build/ns-3.48/build/examples/wireless/ns3.48-wifi-ofdm-he-validation-default
[1153/1215] Building CXX object examples/wireless/CMakeFiles/wifi-ofdm-ht-validation.dir/wifi-ofdm-ht-validation.cc.o
[1154/1215] Linking CXX executable /home/user/ns3build/ns-3.48/build/examples/wireless/ns3.48-wifi-ofdm-ht-validation-default
[1155/1215] Building CXX object examples/wireless/CMakeFiles/wifi-multi-tos.dir/wifi-multi-tos.cc.o
[1156/1215] Linking CXX executable /home/user/ns3build/ns-3.48/build/examples/wireless/ns3.48-wifi-multi-tos-default
[1157/1215] Building CXX object examples/wireless/CMakeFiles/wifi-ofdm-validation.dir/wifi-ofdm-validation.cc.o
[1158/1215] Linking CXX executable /home/user/ns3build/ns-3.48/build/examples/wireless/ns3.48-wifi-ofdm-validation-default
[1159/1215] Building CXX object examples/wireless/CMakeFiles/wifi-error-models-comparison.dir/wifi-error-models-comparison.cc.o
[1160/1215] Linking CXX executable /home/user/ns3build/ns-3.48/build/examples/wireless/ns3.48-wifi-error-models-comparison-default
[1161/1215] Building CXX object examples/wireless/CMakeFiles/wifi-rate-adaptation-distance.dir/wifi-rate-adaptation-distance.cc.o
[1162/1215] Linking CXX executable /home/user/ns3build/ns-3.48/build/examples/wireless/ns3.48-wifi-rate-adaptation-distance-default
[1163/1215] Building CXX object examples/wireless/CMakeFiles/wifi-simple-adhoc.dir/wifi-simple-adhoc.cc.o
[1164/1215] Linking CXX executable /home/user/ns3build/ns-3.48/build/examples/wireless/ns3.48-wifi-simple-adhoc-default
[1165/1215] Building CXX object examples/wireless/CMakeFiles/wifi-power-adaptation-distance.dir/wifi-power-adaptation-distance.cc.o
[1166/1215] Linking CXX executable /home/user/ns3build/ns-3.48/build/examples/wireless/ns3.48-wifi-power-adaptation-distance-default
[1167/1215] Building CXX object examples/wireless/CMakeFiles/wifi-simple-ht-hidden-stations.dir/wifi-simple-ht-hidden-stations.cc.o
[1168/1215] Linking CXX executable /home/user/ns3build/ns-3.48/build/examples/wireless/ns3.48-wifi-simple-ht-hidden-stations-default
[1169/1215] Building CXX object examples/wireless/CMakeFiles/wifi-simple-infra.dir/wifi-simple-infra.cc.o
[1170/1215] Linking CXX executable /home/user/ns3build/ns-3.48/build/examples/wireless/ns3.48-wifi-simple-infra-default
[1171/1215] Building CXX object examples/wireless/CMakeFiles/wifi-simple-interference.dir/wifi-simple-interference.cc.o
[1172/1215] Linking CXX executable /home/user/ns3build/ns-3.48/build/examples/wireless/ns3.48-wifi-simple-interference-default
[1173/1215] Building CXX object examples/wireless/CMakeFiles/wifi-sleep.dir/wifi-sleep.cc.o
[1174/1215] Linking CXX executable /home/user/ns3build/ns-3.48/build/examples/wireless/ns3.48-wifi-sleep-default
[1175/1215] Building CXX object examples/wireless/CMakeFiles/wifi-spatial-reuse.dir/wifi-spatial-reuse.cc.o
[1176/1215] Linking CXX executable /home/user/ns3build/ns-3.48/build/examples/wireless/ns3.48-wifi-spatial-reuse-default
[1177/1215] Building CXX object examples/wireless/CMakeFiles/wifi-spectrum-per-example.dir/wifi-spectrum-per-example.cc.o
[1178/1215] Linking CXX executable /home/user/ns3build/ns-3.48/build/examples/wireless/ns3.48-wifi-spectrum-per-example-default
[1179/1215] Building CXX object examples/wireless/CMakeFiles/wifi-spectrum-per-interference.dir/wifi-spectrum-per-interference.cc.o
[1180/1215] Linking CXX executable /home/user/ns3build/ns-3.48/build/examples/wireless/ns3.48-wifi-spectrum-per-interference-default
[1181/1215] Building CXX object examples/wireless/CMakeFiles/wifi-spectrum-saturation-example.dir/wifi-spectrum-saturation-example.cc.o
[1182/1215] Linking CXX executable /home/user/ns3build/ns-3.48/build/examples/wireless/ns3.48-wifi-spectrum-saturation-example-default
[1183/1215] Building CXX object examples/wireless/CMakeFiles/wifi-tcp.dir/wifi-tcp.cc.o
[1184/1215] Linking CXX executable /home/user/ns3build/ns-3.48/build/examples/wireless/ns3.48-wifi-tcp-default
[1185/1215] Building CXX object examples/wireless/CMakeFiles/wifi-timing-attributes.dir/wifi-timing-attributes.cc.o
[1186/1215] Linking CXX executable /home/user/ns3build/ns-3.48/build/examples/wireless/ns3.48-wifi-timing-attributes-default
[1187/1215] Building CXX object examples/wireless/CMakeFiles/wifi-ofdm-eht-validation.dir/wifi-ofdm-eht-validation.cc.o
[1188/1215] Linking CXX executable /home/user/ns3build/ns-3.48/build/examples/wireless/ns3.48-wifi-ofdm-eht-validation-default
[1189/1215] Building CXX object examples/wireless/CMakeFiles/wifi-vht-network.dir/wifi-vht-network.cc.o
[1190/1215] Linking CXX executable /home/user/ns3build/ns-3.48/build/examples/wireless/ns3.48-wifi-vht-network-default
[1191/1215] Building CXX object examples/wireless/CMakeFiles/wifi-txop-aggregation.dir/wifi-txop-aggregation.cc.o
[1192/1215] Linking CXX executable /home/user/ns3build/ns-3.48/build/examples/wireless/ns3.48-wifi-txop-aggregation-default
[1193/1215] Building CXX object scratch/CMakeFiles/scratch_scratch-simulator.dir/scratch-simulator.cc.o
[1194/1215] Linking CXX executable /home/user/ns3build/ns-3.48/build/scratch/ns3.48-scratch-simulator-default
[1195/1215] Building CXX object scratch/CMakeFiles/scratch_subdir_scratch-subdir.dir/subdir/scratch-subdir-additional-header.cc.o
[1196/1215] Building CXX object scratch/CMakeFiles/scratch_subdir_scratch-subdir.dir/subdir/scratch-subdir.cc.o
[1197/1215] Linking CXX executable /home/user/ns3build/ns-3.48/build/scratch/subdir/ns3.48-scratch-subdir-default
[1198/1215] Building CXX object scratch/nested-subdir/CMakeFiles/scratch-nested-subdir-lib.dir/lib/scratch-nested-subdir-library-source.cc.o
[1199/1215] Linking CXX static library /home/user/ns3build/ns-3.48/build/lib/libscratch-nested-subdir-lib.a
[1200/1215] Building CXX object examples/wireless/CMakeFiles/wifi-eht-network.dir/wifi-eht-network.cc.o
[1201/1215] Linking CXX executable /home/user/ns3build/ns-3.48/build/examples/wireless/ns3.48-wifi-eht-network-default
[1202/1215] Building CXX object utils/CMakeFiles/test-runner.dir/test-runner.cc.o
[1203/1215] Linking CXX executable /home/user/ns3build/ns-3.48/build/utils/ns3.48-test-runner-default
[1204/1215] Building CXX object scratch/nested-subdir/CMakeFiles/scratch_nested-subdir_scratch-nested-subdir-executable.dir/scratch-nested-subdir-executable.cc.o
[1205/1215] Linking CXX executable /home/user/ns3build/ns-3.48/build/scratch/nested-subdir/ns3.48-scratch-nested-subdir-executable-default
[1206/1215] Building CXX object examples/wireless/CMakeFiles/wifi-multicast.dir/wifi-multicast.cc.o
[1207/1215] Linking CXX executable /home/user/ns3build/ns-3.48/build/examples/wireless/ns3.48-wifi-multicast-default
[1208/1215] Building CXX object utils/CMakeFiles/bench-packets.dir/bench-packets.cc.o
[1209/1215] Linking CXX executable /home/user/ns3build/ns-3.48/build/utils/ns3.48-bench-packets-default
[1210/1215] Building CXX object utils/CMakeFiles/bench-scheduler.dir/bench-scheduler.cc.o
[1211/1215] Linking CXX executable /home/user/ns3build/ns-3.48/build/utils/ns3.48-bench-scheduler-default
[1212/1215] Building CXX object utils/CMakeFiles/perf-io.dir/perf/perf-io.cc.o
[1213/1215] Linking CXX executable /home/user/ns3build/ns-3.48/build/utils/perf/ns3.48-perf-io-default
[1214/1215] Building CXX object utils/CMakeFiles/print-introspected-doxygen.dir/print-introspected-doxygen.cc.o
[1215/1215] Linking CXX executable /home/user/ns3build/ns-3.48/build/utils/ns3.48-print-introspected-doxygen-default
Finished executing the following commands:
/usr/bin/cmake --build /home/user/ns3build/ns-3.48/cmake-cache -j 3
BUILD_EXIT=0
